yw,week_start,nhi_out_ili,nhi_out_total,nhi_inp_ili,nhi_inp_total,nhi_er_ili,nhi_er_total,nhi_out_flu,nhi_inp_flu,nhi_er_flu,rods_ili,rods_total,nidds_severe,lab_flu_a,lab_flu_b,lab_flu_u,lab_tests,nhi_out_ili_rate,nhi_er_ili_rate,rods_ili_pct,lab_pos_rate,lab_a_share
200302,2003-01-05,,,,,,,,,,,,1.0,,,,,,,,,
200303,2003-01-12,,,,,,,,,,,,2.0,,,,,,,,,
200304,2003-01-19,,,,,,,,,,,,1.0,,,,,,,,,
200305,2003-01-26,,,,,,,,,,,,2.0,,,,,,,,,
200306,2003-02-02,,,,,,,,,,,,1.0,,,,,,,,,
200307,2003-02-09,,,,,,,,,,,,1.0,,,,,,,,,
200308,2003-02-16,,,,,,,,,,,,0.0,,,,,,,,,
200309,2003-02-23,,,,,,,,,,,,1.0,,,,,,,,,
200310,2003-03-02,,,,,,,,,,,,1.0,,,,,,,,,
200311,2003-03-09,,,,,,,,,,,,0.0,,,,,,,,,
200312,2003-03-16,,,,,,,,,,,,0.0,,,,,,,,,
200313,2003-03-23,,,,,,,,,,,,0.0,,,,,,,,,
200314,2003-03-30,,,,,,,,,,,,0.0,,,,,,,,,
200315,2003-04-06,,,,,,,,,,,,0.0,,,,,,,,,
200316,2003-04-13,,,,,,,,,,,,0.0,,,,,,,,,
200317,2003-04-20,,,,,,,,,,,,0.0,,,,,,,,,
200318,2003-04-27,,,,,,,,,,,,0.0,,,,,,,,,
200319,2003-05-04,,,,,,,,,,,,0.0,,,,,,,,,
200320,2003-05-11,,,,,,,,,,,,0.0,,,,,,,,,
200321,2003-05-18,,,,,,,,,,,,0.0,,,,,,,,,
200322,2003-05-25,,,,,,,,,,,,0.0,,,,,,,,,
200323,2003-06-01,,,,,,,,,,,,0.0,,,,,,,,,
200324,2003-06-08,,,,,,,,,,,,0.0,,,,,,,,,
200325,2003-06-15,,,,,,,,,,,,0.0,,,,,,,,,
200326,2003-06-22,,,,,,,,,,,,0.0,,,,,,,,,
200327,2003-06-29,,,,,,,,,,,,0.0,,,,,,,,,
200328,2003-07-06,,,,,,,,,,,,0.0,,,,,,,,,
200329,2003-07-13,,,,,,,,,,,,0.0,,,,,,,,,
200330,2003-07-20,,,,,,,,,,,,0.0,,,,,,,,,
200331,2003-07-27,,,,,,,,,,,,0.0,,,,,,,,,
200332,2003-08-03,,,,,,,,,,,,0.0,,,,,,,,,
200333,2003-08-10,,,,,,,,,,,,0.0,,,,,,,,,
200334,2003-08-17,,,,,,,,,,,,0.0,,,,,,,,,
200335,2003-08-24,,,,,,,,,,,,0.0,,,,,,,,,
200336,2003-08-31,,,,,,,,,,,,0.0,,,,,,,,,
200337,2003-09-07,,,,,,,,,,,,0.0,,,,,,,,,
200338,2003-09-14,,,,,,,,,,,,0.0,,,,,,,,,
200339,2003-09-21,,,,,,,,,,,,0.0,,,,,,,,,
200340,2003-09-28,,,,,,,,,,,,0.0,,,,,,,,,
200341,2003-10-05,,,,,,,,,,,,0.0,,,,,,,,,
200342,2003-10-12,,,,,,,,,,,,0.0,,,,,,,,,
200343,2003-10-19,,,,,,,,,,,,0.0,,,,,,,,,
200344,2003-10-26,,,,,,,,,,,,0.0,,,,,,,,,
200345,2003-11-02,,,,,,,,,,,,0.0,,,,,,,,,
200346,2003-11-09,,,,,,,,,,,,1.0,,,,,,,,,
200347,2003-11-16,,,,,,,,,,,,1.0,,,,,,,,,
200348,2003-11-23,,,,,,,,,,,,0.0,,,,,,,,,
200349,2003-11-30,,,,,,,,,,,,0.0,,,,,,,,,
200350,2003-12-07,,,,,,,,,,,,1.0,,,,,,,,,
200351,2003-12-14,,,,,,,,,,,,0.0,,,,,,,,,
200352,2003-12-21,,,,,,,,,,,,3.0,,,,,,,,,
200353,2003-12-28,,,,,,,,,,,,0.0,,,,,,,,,
200401,2004-01-01,,,,,,,,,,,,0.0,,,,,,,,,
200402,2004-01-04,,,,,,,,,,,,0.0,,,,,,,,,
200403,2004-01-11,,,,,,,,,,,,0.0,,,,,,,,,
200404,2004-01-18,,,,,,,,,,,,2.0,,,,,,,,,
200405,2004-01-25,,,,,,,,,,,,2.0,,,,,,,,,
200406,2004-02-01,,,,,,,,,,,,0.0,,,,,,,,,
200407,2004-02-08,,,,,,,,,,,,3.0,,,,,,,,,
200408,2004-02-15,,,,,,,,,,,,0.0,,,,,,,,,
200409,2004-02-22,,,,,,,,,,,,0.0,,,,,,,,,
200410,2004-02-29,,,,,,,,,,,,0.0,,,,,,,,,
200411,2004-03-07,,,,,,,,,,,,0.0,,,,,,,,,
200412,2004-03-14,,,,,,,,,,,,1.0,,,,,,,,,
200413,2004-03-21,,,,,,,,,,,,1.0,,,,,,,,,
200414,2004-03-28,,,,,,,,,,,,0.0,,,,,,,,,
200415,2004-04-04,,,,,,,,,,,,0.0,,,,,,,,,
200416,2004-04-11,,,,,,,,,,,,1.0,,,,,,,,,
200417,2004-04-18,,,,,,,,,,,,0.0,,,,,,,,,
200418,2004-04-25,,,,,,,,,,,,1.0,,,,,,,,,
200419,2004-05-02,,,,,,,,,,,,0.0,,,,,,,,,
200420,2004-05-09,,,,,,,,,,,,0.0,,,,,,,,,
200421,2004-05-16,,,,,,,,,,,,0.0,,,,,,,,,
200422,2004-05-23,,,,,,,,,,,,0.0,,,,,,,,,
200423,2004-05-30,,,,,,,,,,,,0.0,,,,,,,,,
200424,2004-06-06,,,,,,,,,,,,0.0,,,,,,,,,
200425,2004-06-13,,,,,,,,,,,,0.0,,,,,,,,,
200426,2004-06-20,,,,,,,,,,,,0.0,,,,,,,,,
200427,2004-06-27,,,,,,,,,,,,0.0,,,,,,,,,
200428,2004-07-04,,,,,,,,,,,,0.0,,,,,,,,,
200429,2004-07-11,,,,,,,,,,,,1.0,,,,,,,,,
200430,2004-07-18,,,,,,,,,,,,0.0,,,,,,,,,
200431,2004-07-25,,,,,,,,,,,,0.0,,,,,,,,,
200432,2004-08-01,,,,,,,,,,,,1.0,,,,,,,,,
200433,2004-08-08,,,,,,,,,,,,1.0,,,,,,,,,
200434,2004-08-15,,,,,,,,,,,,0.0,,,,,,,,,
200435,2004-08-22,,,,,,,,,,,,0.0,,,,,,,,,
200436,2004-08-29,,,,,,,,,,,,0.0,,,,,,,,,
200437,2004-09-05,,,,,,,,,,,,0.0,,,,,,,,,
200438,2004-09-12,,,,,,,,,,,,0.0,,,,,,,,,
200439,2004-09-19,,,,,,,,,,,,0.0,,,,,,,,,
200440,2004-09-26,,,,,,,,,,,,0.0,,,,,,,,,
200441,2004-10-03,,,,,,,,,,,,0.0,,,,,,,,,
200442,2004-10-10,,,,,,,,,,,,0.0,,,,,,,,,
200443,2004-10-17,,,,,,,,,,,,0.0,,,,,,,,,
200444,2004-10-24,,,,,,,,,,,,0.0,,,,,,,,,
200445,2004-10-31,,,,,,,,,,,,0.0,,,,,,,,,
200446,2004-11-07,,,,,,,,,,,,0.0,,,,,,,,,
200447,2004-11-14,,,,,,,,,,,,1.0,,,,,,,,,
200448,2004-11-21,,,,,,,,,,,,0.0,,,,,,,,,
200449,2004-11-28,,,,,,,,,,,,0.0,,,,,,,,,
200450,2004-12-05,,,,,,,,,,,,1.0,,,,,,,,,
200451,2004-12-12,,,,,,,,,,,,2.0,,,,,,,,,
200452,2004-12-19,,,,,,,,,,,,0.0,,,,,,,,,
200453,2004-12-26,,,,,,,,,,,,1.0,,,,,,,,,
200501,2005-01-01,,,,,,,,,,,,0.0,,,,,,,,,
200502,2005-01-02,50950.0,2466683.0,4611.0,46803.0,,,46497.0,46.0,,,,1.0,,,,,2.0655268634032016,,,,
200503,2005-01-09,51073.0,2307224.0,5130.0,46129.0,,,46253.0,44.0,,,,3.0,,,,,2.213612549106632,,,,
200504,2005-01-16,59067.0,2556471.0,5945.0,48183.0,,,54095.0,86.0,,,,3.0,,,,,2.3104897336993067,,,,
200505,2005-01-23,61082.0,2552911.0,6775.0,49644.0,,,55421.0,78.0,,,,1.0,,,,,2.392641184906172,,,,
200506,2005-01-30,61022.0,2591296.0,5885.0,42176.0,,,54950.0,71.0,,,,1.0,,,,,2.3548834251278126,,,,
200507,2005-02-06,32764.0,1236783.0,4697.0,27215.0,,,28243.0,24.0,,,,3.0,,,,,2.649130849955085,,,,
200508,2005-02-13,53535.0,2310438.0,6249.0,53349.0,,,47991.0,80.0,,,,2.0,,,,,2.3170931226027274,,,,
200509,2005-02-20,52925.0,2174269.0,5925.0,47372.0,,,47043.0,91.0,,,,2.0,,,,,2.434151432044517,,,,
200510,2005-02-27,55626.0,2238292.0,5832.0,44462.0,,,49281.0,94.0,,,,2.0,,,,,2.4851985353117465,,,,
200511,2005-03-06,66499.0,2686314.0,7493.0,48930.0,,,59017.0,146.0,,,,0.0,,,,,2.47547382770592,,,,
200512,2005-03-13,64594.0,2672108.0,7545.0,48495.0,,,57122.0,103.0,,,,3.0,,,,,2.417342412806668,,,,
200513,2005-03-20,59353.0,2580387.0,7599.0,48090.0,,,52240.0,63.0,,,,1.0,,,,,2.300158852141171,,,,
200514,2005-03-27,50850.0,2322033.0,7101.0,47413.0,,,44581.0,52.0,,,,0.0,,,,,2.189891358133153,,,,
200515,2005-04-03,48697.0,2346552.0,6925.0,45719.0,,,42671.0,51.0,,,,0.0,,,,,2.075257654635397,,,,
200516,2005-04-10,43982.0,2292142.0,6453.0,46726.0,,,38327.0,22.0,,,,1.0,,,,,1.9188165480149135,,,,
200517,2005-04-17,39294.0,2148113.0,6448.0,47049.0,,,34001.0,30.0,,,,0.0,,,,,1.8292333783185522,,,,
200518,2005-04-24,38231.0,2135054.0,5898.0,46096.0,,,32916.0,22.0,,,,1.0,,,,,1.7906338668717512,,,,
200519,2005-05-01,34894.0,2063553.0,5780.0,46579.0,,,29994.0,25.0,,,,0.0,,,,,1.6909669875210378,,,,
200520,2005-05-08,34888.0,1994207.0,5463.0,45465.0,,,30040.0,24.0,,,,0.0,,,,,1.7494673321275074,,,,
200521,2005-05-15,34810.0,2073804.0,5680.0,47737.0,,,30032.0,29.0,,,,1.0,,,,,1.6785578579267857,,,,
200522,2005-05-22,36752.0,2102389.0,5767.0,47356.0,,,31710.0,49.0,,,,0.0,,,,,1.748106558776706,,,,
200523,2005-05-29,36863.0,2014202.0,5902.0,47241.0,,,32043.0,52.0,,,,1.0,,,,,1.8301540759069845,,,,
200524,2005-06-05,37115.0,1994013.0,5908.0,46320.0,,,31916.0,53.0,,,,0.0,,,,,1.8613218670088911,,,,
200525,2005-06-12,34180.0,1922776.0,5258.0,46680.0,,,29407.0,33.0,,,,1.0,,,,,1.777638164820031,,,,
200526,2005-06-19,35060.0,1993784.0,5714.0,47263.0,,,30376.0,68.0,,,,0.0,,,,,1.758465310184052,,,,
200527,2005-06-26,36352.0,1999039.0,5720.0,47895.0,,,31626.0,66.0,,,,1.0,,,,,1.8184737766496801,,,,
200528,2005-07-03,37652.0,2042439.0,6024.0,50067.0,,,32363.0,49.0,,,,1.0,,,,,1.843482228845023,,,,
200529,2005-07-10,35144.0,2018896.0,5791.0,48611.0,,,29733.0,39.0,,,,0.0,,,,,1.7407533622336169,,,,
200530,2005-07-17,30237.0,1707791.0,5094.0,44384.0,,,25357.0,30.0,,,,0.0,,,,,1.7705328110992504,,,,
200531,2005-07-24,29826.0,1861275.0,5106.0,47461.0,,,24896.0,36.0,,,,0.0,,,,,1.6024499335133175,,,,
200532,2005-07-31,28691.0,1776056.0,4882.0,46139.0,,,23374.0,31.0,,,,0.0,,,,,1.615433297148288,,,,
200533,2005-08-07,28680.0,1833394.0,4534.0,44961.0,,,23189.0,16.0,,,,1.0,,,,,1.5643118718616948,,,,
200534,2005-08-14,29261.0,1816343.0,4322.0,42292.0,,,23282.0,20.0,,,,0.0,,,,,1.6109842689403928,,,,
200535,2005-08-21,30366.0,1907284.0,4602.0,44265.0,,,23936.0,10.0,,,,1.0,,,,,1.5921068912652756,,,,
200536,2005-08-28,28772.0,1788834.0,4609.0,42052.0,,,22353.0,11.0,,,,1.0,,,,,1.6084220223900039,,,,
200537,2005-09-04,31988.0,2016590.0,4434.0,45630.0,,,25017.0,11.0,,,,0.0,,,,,1.5862421216013172,,,,
200538,2005-09-11,30900.0,1967038.0,4405.0,43843.0,,,23888.0,15.0,,,,0.0,,,,,1.570889835376846,,,,
200539,2005-09-18,32413.0,2051814.0,4375.0,45499.0,,,25410.0,10.0,,,,0.0,,,,,1.5797240880508663,,,,
200540,2005-09-25,33806.0,2091411.0,4249.0,44209.0,,,26408.0,11.0,,,,0.0,,,,,1.6164206844087556,,,,
200541,2005-10-02,31953.0,2004625.0,4052.0,44152.0,,,24999.0,8.0,,,,0.0,,,,,1.593963958346324,,,,
200542,2005-10-09,33616.0,2027631.0,3775.0,41205.0,,,26413.0,9.0,,,,0.0,,,,,1.6578953468357902,,,,
200543,2005-10-16,38026.0,2228089.0,3855.0,42820.0,,,30395.0,17.0,,,,1.0,,,,,1.7066643208597143,,,,
200544,2005-10-23,37190.0,2180412.0,3987.0,42848.0,,,29491.0,8.0,,,,0.0,,,,,1.7056409522603986,,,,
200545,2005-10-30,36570.0,2162316.0,3814.0,42441.0,,,28738.0,12.0,,,,0.0,,,,,1.6912421681197383,,,,
200546,2005-11-06,33677.0,2071841.0,3808.0,42848.0,,,26311.0,8.0,,,,0.0,,,,,1.6254625716934843,,,,
200547,2005-11-13,33994.0,2056522.0,3445.0,40894.0,,,26661.0,6.0,,,,0.0,,,,,1.6529849911646946,,,,
200548,2005-11-20,36265.0,2087694.0,3510.0,40266.0,,,28076.0,5.0,,,,0.0,,,,,1.7370840745818112,,,,
200549,2005-11-27,37523.0,2140125.0,3533.0,40168.0,,,29189.0,8.0,,,,0.0,,,,,1.7533088020559546,,,,
200550,2005-12-04,39968.0,2173653.0,3139.0,37808.0,,,31300.0,12.0,,,,0.0,,,,,1.8387479510299023,,,,
200551,2005-12-11,39753.0,2166568.0,2853.0,35923.0,,,31615.0,8.0,,,,0.0,,,,,1.8348374018262985,,,,
200552,2005-12-18,46689.0,2381292.0,2632.0,32569.0,,,37300.0,10.0,,,,0.0,,,,,1.960658331695567,,,,
200553,2005-12-25,45584.0,2343725.0,1042.0,16396.0,,,36311.0,3.0,,,,0.0,,,,,1.944938079339513,,,,
200601,2006-01-01,37827.0,1978335.0,4278.0,44523.0,,,31029.0,15.0,,,,0.0,,,,,1.9120624161226485,,,,
200602,2006-01-08,40239.0,2095196.0,4399.0,44781.0,,,33338.0,24.0,,,,1.0,,,,,1.9205363125931894,,,,
200603,2006-01-15,37855.0,2034052.0,4712.0,45221.0,,,31009.0,16.0,,,,0.0,,,,,1.8610635322990758,,,,
200604,2006-01-22,43663.0,2275034.0,4019.0,34446.0,,,35785.0,13.0,,,,0.0,,,,,1.9192240643436538,,,,
200605,2006-01-29,19689.0,888873.0,4428.0,34856.0,,,15949.0,19.0,,,,2.0,,,,,2.215052094056181,,,,
200606,2006-02-05,33045.0,1779392.0,4711.0,50843.0,,,28325.0,24.0,,,,1.0,,,,,1.8570950077329784,,,,
200607,2006-02-12,29775.0,1618978.0,4799.0,48504.0,,,25426.0,27.0,,,,0.0,,,,,1.8391231999446565,,,,
200608,2006-02-19,30535.0,1666636.0,4747.0,46397.0,,,25600.0,30.0,,,,0.0,,,,,1.8321337112602871,,,,
200609,2006-02-26,31111.0,1639119.0,4909.0,43304.0,,,25897.0,32.0,,,,0.0,,,,,1.898031808550813,,,,
200610,2006-03-05,33040.0,1784268.0,5715.0,48326.0,,,27199.0,32.0,,,,0.0,,,,,1.8517397610672837,,,,
200611,2006-03-12,34306.0,1762474.0,5704.0,45065.0,,,27936.0,41.0,,,,1.0,,,,,1.946468430172587,,,,
200612,2006-03-19,32086.0,1679676.0,5690.0,44572.0,,,25520.0,31.0,,,,1.0,,,,,1.9102493576142066,,,,
200613,2006-03-26,32777.0,1722457.0,5847.0,44695.0,,,26439.0,37.0,,,,2.0,,,,,1.9029212340279031,,,,
200614,2006-04-02,28768.0,1610860.0,5683.0,44078.0,,,22916.0,30.0,,,,0.0,,,,,1.78587835069466,,,,
200615,2006-04-09,25339.0,1503424.0,5320.0,45844.0,,,20012.0,21.0,,,,0.0,,,,,1.6854194159465328,,,,
200616,2006-04-16,27252.0,1609936.0,5034.0,44544.0,,,21630.0,10.0,,,,1.0,,,,,1.6927380964212242,,,,
200617,2006-04-23,25090.0,1510147.0,5219.0,45022.0,,,19523.0,14.0,,,,1.0,,,,,1.6614276623401563,,,,
200618,2006-04-30,23821.0,1529516.0,5146.0,45451.0,,,18894.0,13.0,,,,0.0,,,,,1.5574207788607637,,,,
200619,2006-05-07,22979.0,1502085.0,5077.0,45676.0,,,18195.0,7.0,,,,0.0,,,,,1.529806901739915,,,,
200620,2006-05-14,23140.0,1503600.0,4663.0,44572.0,,,18508.0,12.0,,,,0.0,,,,,1.5389731311519022,,,,
200621,2006-05-21,21340.0,1443279.0,4623.0,44845.0,,,17006.0,11.0,,,,0.0,,,,,1.4785776000343662,,,,
200622,2006-05-28,20671.0,1336887.0,4121.0,40711.0,,,16411.0,8.0,,,,0.0,,,,,1.5462039798427243,,,,
200623,2006-06-04,20997.0,1362732.0,4150.0,43229.0,,,16775.0,6.0,,,,0.0,,,,,1.540801859793415,,,,
200624,2006-06-11,22707.0,1502581.0,4203.0,45472.0,,,18432.0,10.0,,,,0.0,,,,,1.5111997289996346,,,,
200625,2006-06-18,22138.0,1501371.0,4397.0,45667.0,,,17870.0,11.0,,,,0.0,,,,,1.4745189563405714,,,,
200626,2006-06-25,20411.0,1447586.0,4556.0,46265.0,,,16422.0,9.0,,,,0.0,,,,,1.4100025836116128,,,,
200627,2006-07-02,19019.0,1412104.0,4167.0,47276.0,,,15323.0,4.0,,,,0.0,,,,,1.346855472401466,,,,
200628,2006-07-09,17711.0,1303301.0,3767.0,44868.0,,,14320.0,11.0,,,,0.0,,,,,1.3589339684386033,,,,
200629,2006-07-16,17383.0,1374668.0,3746.0,46121.0,,,14141.0,6.0,,,,0.0,,,,,1.2645235067667249,,,,
200630,2006-07-23,17244.0,1346360.0,3637.0,43233.0,,,14083.0,6.0,,,,0.0,,,,,1.2807867138061142,,,,
200631,2006-07-30,16996.0,1349823.0,3651.0,42930.0,,,14166.0,10.0,,,,0.0,,,,,1.2591280486404515,,,,
200632,2006-08-06,18383.0,1385280.0,3561.0,43187.0,,,15169.0,8.0,,,,0.0,,,,,1.3270241395241396,,,,
200633,2006-08-13,18657.0,1419909.0,3536.0,43800.0,,,15305.0,14.0,,,,0.0,,,,,1.313957443751677,,,,
200634,2006-08-20,18860.0,1435400.0,3523.0,43318.0,,,15418.0,6.0,,,,0.0,,,,,1.3139194649575032,,,,
200635,2006-08-27,18935.0,1440708.0,3654.0,44326.0,,,15443.0,15.0,,,,1.0,,,,,1.3142843657423988,,,,
200636,2006-09-03,20110.0,1457751.0,3575.0,43989.0,,,16479.0,4.0,,,,0.0,,,,,1.3795222915298977,,,,
200637,2006-09-10,21680.0,1531855.0,3457.0,43276.0,,,17973.0,10.0,,,,0.0,,,,,1.4152775556433213,,,,
200638,2006-09-17,24885.0,1681929.0,3612.0,42863.0,,,20597.0,7.0,,,,0.0,,,,,1.4795511582236824,,,,
200639,2006-09-24,25404.0,1689890.0,3787.0,44364.0,,,21046.0,19.0,,,,0.0,,,,,1.5032931137529661,,,,
200640,2006-10-01,23922.0,1571587.0,3617.0,40829.0,,,19839.0,7.0,,,,0.0,,,,,1.5221556299460355,,,,
200641,2006-10-08,25299.0,1674404.0,3508.0,43057.0,,,20960.0,8.0,,,,0.0,,,,,1.5109256786295302,,,,
200642,2006-10-15,24050.0,1645287.0,3527.0,44157.0,,,20119.0,6.0,,,,0.0,,,,,1.461751050120739,,,,
200643,2006-10-22,24533.0,1613173.0,3496.0,43504.0,,,20487.0,13.0,,,,0.0,,,,,1.5207916323915662,,,,
200644,2006-10-29,25778.0,1599705.0,3502.0,42715.0,,,21605.0,19.0,,,,0.0,,,,,1.6114221059507847,,,,
200645,2006-11-05,27182.0,1720050.0,3654.0,43229.0,,,22785.0,9.0,,,,1.0,,,,,1.5803028981715648,,,,
200646,2006-11-12,29427.0,1781942.0,3947.0,42950.0,,,24539.0,26.0,,,,0.0,,,,,1.6514005506352059,,,,
200647,2006-11-19,26730.0,1656021.0,3963.0,42500.0,,,22194.0,55.0,,,,0.0,,,,,1.6141099659968081,,,,
200648,2006-11-26,27148.0,1623632.0,3733.0,40601.0,,,22559.0,72.0,,,,2.0,,,,,1.6720537658779822,,,,
200649,2006-12-03,28949.0,1670223.0,3814.0,40058.0,,,23961.0,90.0,,,,1.0,,,,,1.7332416090545992,,,,
200650,2006-12-10,30642.0,1656606.0,3856.0,38214.0,,,25673.0,146.0,,,,2.0,,,,,1.849685441197243,,,,
200651,2006-12-17,38136.0,1820971.0,3504.0,33507.0,,,32336.0,177.0,,,,5.0,,,,,2.094267289264903,,,,
200652,2006-12-24,44215.0,1933414.0,1977.0,19487.0,,,37349.0,129.0,,,,3.0,,,,,2.2868873402178735,,,,
200653,2006-12-31,2274.0,72488.0,7.0,85.0,,,1705.0,0.0,,,,0.0,,,,,3.1370709634698155,,,,
200701,2007-01-01,42257.0,1762740.0,5705.0,41908.0,,,35812.0,216.0,,,,2.0,,,,,2.397233851844288,,,,
200702,2007-01-07,47585.0,1962789.0,6232.0,46648.0,,,40560.0,199.0,,,,3.0,,,,,2.424356362298749,,,,
200703,2007-01-14,43336.0,1814185.0,6085.0,46687.0,,,36657.0,236.0,,,,3.0,,,,,2.3887310279822622,,,,
200704,2007-01-21,41971.0,1813835.0,6003.0,46122.0,,,35303.0,194.0,,,,3.0,,,,,2.3139370449903107,,,,
200705,2007-01-28,44556.0,1955935.0,6064.0,46464.0,,,37542.0,192.0,,,,1.0,,,,,2.2779898104998377,,,,
200706,2007-02-04,41066.0,1956269.0,6107.0,48013.0,,,34348.0,99.0,,,,2.0,,,,,2.099200058887607,,,,
200707,2007-02-11,38852.0,2039283.0,5059.0,37164.0,,,31899.0,61.0,,,,1.0,,,,,1.905179418452466,,,,
200708,2007-02-18,16443.0,828656.0,4801.0,33896.0,,,13012.0,31.0,,,,0.0,,,,,1.9842974648104883,,,,
200709,2007-02-25,29515.0,1676736.0,4929.0,50162.0,,,24545.0,35.0,,,,0.0,,,,,1.7602651818771708,,,,
200710,2007-03-04,26210.0,1548374.0,4585.0,45300.0,,,21283.0,19.0,,,,0.0,,,,,1.692743484455306,,,,
200711,2007-03-11,28768.0,1746404.0,4944.0,45439.0,,,22682.0,25.0,,,,0.0,,,,,1.647270620085616,,,,
200712,2007-03-18,30987.0,1809487.0,5205.0,44733.0,,,23959.0,32.0,,,,0.0,,,,,1.712474309016865,,,,
200713,2007-03-25,28198.0,1732256.0,5442.0,45685.0,,,21659.0,19.0,,,,0.0,,,,,1.6278194447010141,,,,
200714,2007-04-01,27592.0,1601038.0,4964.0,41031.0,,,20931.0,21.0,,,,0.0,,,,,1.7233819559560735,,,,
200715,2007-04-08,31366.0,1817551.0,5574.0,46689.0,,,23878.0,14.0,,,,1.0,,,,,1.7257287415868936,,,,
200716,2007-04-15,29979.0,1792728.0,5747.0,46709.0,,,22416.0,18.0,,,,0.0,,,,,1.6722559138921242,,,,
200717,2007-04-22,26439.0,1678807.0,5489.0,45614.0,,,19628.0,15.0,,,,0.0,,,,,1.5748683440085727,,,,
200718,2007-04-29,25482.0,1628510.0,5409.0,46439.0,,,19226.0,16.0,,,,0.0,,,,,1.5647432315429441,,,,
200719,2007-05-06,25267.0,1655546.0,5034.0,45068.0,,,19178.0,9.0,,,,0.0,,,,,1.5262034398319346,,,,
200720,2007-05-13,22183.0,1550238.0,5016.0,46059.0,,,16701.0,12.0,,,,1.0,,,,,1.4309415715522391,,,,
200721,2007-05-20,20359.0,1477704.0,4597.0,44625.0,,,15681.0,13.0,,,,0.0,,,,,1.3777454754132086,,,,
200722,2007-05-27,18839.0,1439253.0,4471.0,46071.0,,,14587.0,17.0,,,,0.0,,,,,1.3089429030198305,,,,
200723,2007-06-03,18856.0,1364673.0,4024.0,43997.0,,,14757.0,13.0,,,,0.0,,,,,1.3817229475486068,,,,
200724,2007-06-10,20107.0,1461602.0,4080.0,44553.0,,,15576.0,8.0,,,,1.0,,,,,1.3756822992853048,,,,
200725,2007-06-17,19659.0,1428962.0,4155.0,42551.0,,,15308.0,14.0,,,,0.0,,,,,1.3757538688922448,,,,
200726,2007-06-24,19725.0,1444604.0,4542.0,45932.0,,,15485.0,96.0,,,,1.0,,,,,1.3654260960097022,,,,
200727,2007-07-01,19618.0,1462184.0,4429.0,48686.0,,,15268.0,53.0,,,,0.0,,,,,1.3416916065283166,,,,
200728,2007-07-08,19622.0,1474121.0,4328.0,47339.0,,,15298.0,34.0,,,,0.0,,,,,1.3310983291059553,,,,
200729,2007-07-15,19215.0,1455858.0,4238.0,46681.0,,,15181.0,25.0,,,,0.0,,,,,1.3198402591461529,,,,
200730,2007-07-22,19046.0,1436978.0,4301.0,46153.0,,,15214.0,18.0,,,,1.0,,,,,1.3254204309321367,,,,
200731,2007-07-29,18467.0,1426619.0,4129.0,46287.0,,,14657.0,15.0,,,,1.0,,,,,1.294459137302952,,,,
200732,2007-08-05,19035.0,1407157.0,3952.0,45511.0,,,14894.0,19.0,,,,0.0,,,,,1.3527275208096894,,,,
200733,2007-08-12,17841.0,1267058.0,3724.0,42071.0,,,13870.0,25.0,,,,0.0,,,,,1.4080649820292361,,,,
200734,2007-08-19,19507.0,1443719.0,3834.0,42395.0,,,15121.0,26.0,,,,1.0,,,,,1.3511632111234944,,,,
200735,2007-08-26,19831.0,1484919.0,4092.0,43083.0,,,15310.0,14.0,,,,0.0,,,,,1.3354937205329045,,,,
200736,2007-09-02,21683.0,1565212.0,4147.0,42485.0,,,17056.0,28.0,,,,0.0,,,,,1.38530754939267,,,,
200737,2007-09-09,23781.0,1663129.0,4208.0,44255.0,,,18519.0,14.0,,,,0.0,,,,,1.429895095329346,,,,
200738,2007-09-16,23888.0,1600990.0,4006.0,43489.0,,,18676.0,12.0,,,,0.0,,,,,1.4920767774939256,,,,
200739,2007-09-23,23170.0,1568823.0,4065.0,42093.0,,,18055.0,17.0,,,,0.0,,,,,1.476903385531701,,,,
200740,2007-09-30,22729.0,1566479.0,4091.0,44964.0,,,18256.0,16.0,,,,0.0,,,,,1.4509610406523163,,,,
200741,2007-10-07,25944.0,1773057.0,3828.0,41615.0,,,20571.0,27.0,,,,0.0,,,,,1.4632355304990194,,,,
200742,2007-10-14,28373.0,1842619.0,3875.0,42919.0,,,22721.0,30.0,,,,1.0,,,,,1.5398191378684363,,,,
200743,2007-10-21,27132.0,1767943.0,4331.0,43885.0,,,21279.0,40.0,,,,1.0,,,,,1.5346648619327659,,,,
200744,2007-10-28,26222.0,1669416.0,3968.0,43022.0,,,20461.0,28.0,,,,1.0,,,,,1.570728925564389,,,,
200745,2007-11-04,25827.0,1617005.0,3835.0,41559.0,,,20058.0,30.0,,,,0.0,,,,,1.5972121298326227,,,,
200746,2007-11-11,27771.0,1716855.0,3934.0,42265.0,,,21555.0,35.0,,,,0.0,,,,,1.617550695894528,,,,
200747,2007-11-18,27587.0,1688836.0,3849.0,41071.0,,,21214.0,34.0,,,,0.0,,,,,1.6334919435634958,,,,
200748,2007-11-25,27236.0,1626105.0,3759.0,39871.0,,,20982.0,48.0,,,,0.0,,,,,1.6749225910995906,,,,
200749,2007-12-02,31876.0,1836714.0,3865.0,39975.0,,,24640.0,48.0,,,,0.0,,,,,1.735490664305929,,,,
200750,2007-12-09,31986.0,1848595.0,3920.0,38903.0,,,24585.0,59.0,,,,0.0,,,,,1.7302870558451149,,,,
200751,2007-12-16,32527.0,1801308.0,3430.0,34750.0,,,25128.0,58.0,,,,0.0,,,,,1.8057433820312796,,,,
200752,2007-12-23,32557.0,1764569.0,1936.0,22516.0,,,25252.0,71.0,,,,0.0,,,,,1.8450397802522882,,,,
200753,2007-12-30,8144.0,411700.0,49.0,579.0,,,6131.0,1.0,,,,1.0,,,,,1.9781394219091573,,,,
200801,2008-01-01,27037.0,1366962.0,3478.0,30286.0,,,21701.0,50.0,,,,2.0,,,,,1.9778896560401826,,,,
200802,2008-01-06,36958.0,1866383.0,5480.0,46043.0,,,29429.0,88.0,,,,2.0,,,,,1.9801937758755839,,,,
200803,2008-01-13,33785.0,1742209.0,4818.0,42969.0,,,26804.0,69.0,,,,1.0,,,,,1.9392047681994526,,,,
200804,2008-01-20,33698.0,1756440.0,4841.0,44109.0,,,26609.0,65.0,,,,1.0,,,,,1.9185397736330305,,,,
200805,2008-01-27,33943.0,1832592.0,4532.0,40974.0,,,26889.0,51.0,,,,1.0,,,,,1.8521853200275893,,,,
200806,2008-02-03,22579.0,1161625.0,3766.0,25289.0,,,17406.0,25.0,,,,0.0,,,,,1.9437426019584634,,,,
200807,2008-02-10,33369.0,1775893.0,4805.0,46724.0,,,27138.0,45.0,,,,1.0,,,,,1.8789983405531752,,,,
200808,2008-02-17,34425.0,1904198.0,4944.0,45837.0,,,27993.0,43.0,,,,0.0,,,,,1.807847713315527,,,,
200809,2008-02-24,35440.0,1923107.0,4905.0,43033.0,,,28142.0,35.0,,,,1.0,,,,,1.8428511778075791,,,,
200810,2008-03-02,37268.0,2079253.0,5136.0,43541.0,,,29608.0,34.0,,,,1.0,,,,,1.7923744729477364,,,,
200811,2008-03-09,34224.0,1948630.0,4828.0,41212.0,,,26279.0,34.0,,,,1.0,,,,,1.756310844028882,,,,
200812,2008-03-16,30919.0,1832409.0,4007.0,35684.0,,,23343.0,23.0,,,,1.0,,,,,1.687341636064874,,,,
200813,2008-03-23,30179.0,1839825.0,2099.0,22840.0,,,22660.0,12.0,,,,1.0,,,,,1.640319052083758,,,,
200814,2008-03-30,47420.0,3593053.0,892.0,21356.0,,,27088.0,0.0,,,,0.0,,,,,1.31976900980865,,,,
200815,2008-04-06,55281.0,4776137.0,1367.0,37119.0,,,28890.0,2.0,,,,0.0,,,,,1.157441673050836,,,,
200816,2008-04-13,52221.0,4652780.0,1356.0,35379.0,,,27243.0,7.0,,,,0.0,,,,,1.1223612549916393,,,,
200817,2008-04-20,51049.0,4577617.0,1252.0,34633.0,,,26894.0,1.0,,,,0.0,,,,,1.1151872251435626,,,,
200818,2008-04-27,49787.0,4529441.0,1232.0,34830.0,,,26086.0,3.0,,,,0.0,,,,,1.0991864117448489,,,,
200819,2008-05-04,48012.0,4439556.0,1165.0,34687.0,,,24991.0,3.0,,,,0.0,,,,,1.0814594973010814,,,,
200820,2008-05-11,52189.0,4729547.0,1126.0,34823.0,,,28234.0,3.0,,,,0.0,,,,,1.1034672030957722,,,,
200821,2008-05-18,45853.0,4365054.0,1075.0,34545.0,,,23886.0,3.0,,,,0.0,,,,,1.05045664956264,,,,
200822,2008-05-25,39820.0,4123966.0,959.0,33977.0,,,20296.0,3.0,,,,0.0,,,,,0.9655753708929705,,,,
200823,2008-06-01,40051.0,4220322.0,932.0,33290.0,,,21476.0,2.0,,,,0.0,,,,,0.9490034172747956,,,,
200824,2008-06-08,39853.0,4270342.0,964.0,35035.0,,,21300.0,1.0,,,,0.0,,,,,0.9332507794457681,,,,
200825,2008-06-15,39784.0,4300079.0,950.0,35290.0,,,21495.0,3.0,,,,0.0,,,,,0.9251923046064968,,,,
200826,2008-06-22,38305.0,4207068.0,876.0,35261.0,,,20710.0,8.0,,,,0.0,,,,,0.9104915822610902,,,,
200827,2008-06-29,35859.0,4248353.0,992.0,36723.0,,,18736.0,16.0,,,,0.0,,,,,0.8440682777537554,,,,
200828,2008-07-06,35961.0,4143524.0,944.0,36734.0,,,19331.0,15.0,,,,0.0,,,,,0.8678844384634915,,,,
200829,2008-07-13,34480.0,3937938.0,882.0,36902.0,,,18564.0,10.0,,,,0.0,,,,,0.8755851412592073,,,,
200830,2008-07-20,34820.0,4104509.0,920.0,37059.0,,,18567.0,6.0,,,,0.0,,,,,0.8483353307301799,,,,
200831,2008-07-27,33221.0,3787328.0,975.0,35180.0,,,17880.0,2.0,,,,0.0,,,,,0.8771619463642969,,,,
200832,2008-08-03,34234.0,4118055.0,881.0,34415.0,,,18225.0,3.0,,,,0.0,,,,,0.8313147833139674,,,,
200833,2008-08-10,34825.0,4057596.0,964.0,33515.0,,,18709.0,4.0,,,,0.0,,,,,0.8582668161147635,,,,
200834,2008-08-17,35438.0,4194716.0,920.0,34888.0,,,18601.0,2.0,,,,0.0,,,,,0.8448247747880906,,,,
200835,2008-08-24,35989.0,4157803.0,898.0,32887.0,,,19169.0,3.0,,,,0.0,,,,,0.8655773253326337,,,,
200836,2008-08-31,37314.0,4246079.0,926.0,36224.0,,,20038.0,5.0,,,,0.0,,,,,0.8787872293473579,,,,
200837,2008-09-07,37412.0,4043977.0,954.0,34567.0,,,19922.0,0.0,,,,0.0,,,,,0.9251289015738715,,,,
200838,2008-09-14,41021.0,4456833.0,929.0,34971.0,,,22368.0,2.0,,,,0.0,,,,,0.9204069347000438,,,,
200839,2008-09-21,41763.0,4469832.0,973.0,34824.0,,,22682.0,0.0,,,,0.0,,,,,0.9343304177875141,,,,
200840,2008-09-28,41956.0,4388620.0,933.0,34113.0,,,23061.0,2.0,,,,0.0,,,,,0.9560180649042296,,,,
200841,2008-10-05,41857.0,4241962.0,903.0,32546.0,,,23850.0,7.0,,,,0.0,,,,,0.9867367977365191,,,,
200842,2008-10-12,45768.0,4664867.0,1003.0,36211.0,,,26340.0,4.0,,,,1.0,,,,,0.9811212195331614,,,,
200843,2008-10-19,46193.0,4595728.0,983.0,35813.0,,,26740.0,5.0,,,,0.0,,,,,1.0051291112093665,,,,
200844,2008-10-26,46569.0,4533020.0,926.0,35055.0,,,26703.0,3.0,,,,1.0,,,,,1.0273283594601392,,,,
200845,2008-11-02,44679.0,4461808.0,954.0,35331.0,,,24883.0,5.0,,,,0.0,,,,,1.0013653657889359,,,,
200846,2008-11-09,49069.0,4580146.0,889.0,34616.0,,,29085.0,3.0,,,,0.0,,,,,1.0713413939206304,,,,
200847,2008-11-16,53917.0,4796241.0,890.0,35174.0,,,31653.0,6.0,,,,0.0,,,,,1.1241511842294831,,,,
200848,2008-11-23,56201.0,4777452.0,1039.0,34446.0,,,32094.0,3.0,,,,0.0,,,,,1.1763802127158995,,,,
200849,2008-11-30,61247.0,5080968.0,1037.0,35410.0,,,35914.0,4.0,,,,2.0,,,,,1.2054199121112354,,,,
200850,2008-12-07,62255.0,5009873.0,1275.0,35196.0,,,36536.0,10.0,,,,2.0,,,,,1.2426462706739272,,,,
200851,2008-12-14,64057.0,4971572.0,1360.0,35603.0,,,37390.0,7.0,,,,2.0,,,,,1.2884657005872588,,,,
200852,2008-12-21,63536.0,4837385.0,1345.0,34641.0,,,37180.0,9.0,,,,1.0,,,,,1.3134369085776716,,,,
200901,2008-12-28,24411.0,1641571.0,526.0,11485.0,,,15285.0,6.0,,12195.0,89474.0,0.0,,,,,1.4870511235883188,,13.629657777678432,,
200902,2009-01-04,67662.0,4880481.0,1451.0,35378.0,,,41514.0,19.0,,11642.0,86011.0,1.0,,,,,1.3863797441276793,,13.535478020253223,,
200903,2009-01-11,78114.0,5150004.0,1632.0,35545.0,,,50404.0,28.0,,13194.0,89839.0,2.0,,,,,1.5167755209510516,,14.686272108994979,,
200904,2009-01-18,104481.0,6297839.0,1896.0,32206.0,,,67394.0,16.0,,17214.0,102855.0,3.0,,,,,1.658997633950312,,16.736182003791747,,
200905,2009-01-25,48755.0,2100904.0,1632.0,21402.0,,,30430.0,20.0,,45680.0,169974.0,3.0,,,,,2.3206676744867925,,26.874698483297447,,
200906,2009-02-01,93864.0,5559837.0,2055.0,41972.0,,,61523.0,28.0,,19089.0,106370.0,2.0,,,,,1.6882509325363315,,17.945849393626023,,
200907,2009-02-08,82045.0,4984895.0,1902.0,38191.0,,,52308.0,34.0,,16050.0,100749.0,3.0,,,,,1.645872179855343,,15.9306792126969,,
200908,2009-02-15,69475.0,4750954.0,1706.0,37274.0,,,41736.0,40.0,,12724.0,92852.0,1.0,,,,,1.4623378799289575,,13.703528195407745,,
200909,2009-02-22,59241.0,4419853.0,1599.0,36157.0,,,34028.0,26.0,,10850.0,87119.0,0.0,,,,,1.3403386945221933,,12.45422927260414,,
200910,2009-03-01,58244.0,4683772.0,1500.0,36456.0,,,32092.0,11.0,,9252.0,79283.0,1.0,,,,,1.2435276524988834,,11.669588688621772,,
200911,2009-03-08,59510.0,4836436.0,1412.0,35224.0,,,32302.0,7.0,,9060.0,79615.0,0.0,,,,,1.2304515142968913,,11.37976511963826,,
200912,2009-03-15,62720.0,5073632.0,1609.0,35766.0,,,33752.0,12.0,,9719.0,85332.0,0.0,,,,,1.236195293627918,,11.38963108798575,,
200913,2009-03-22,57791.0,4667355.0,1496.0,34634.0,,,29993.0,6.0,,9233.0,82460.0,2.0,,,,,1.238195937527786,,11.196943972835314,,
200914,2009-03-29,60626.0,4783105.0,1471.0,33730.0,,,31979.0,3.0,,9546.0,80769.0,1.0,,,,,1.2675030132100382,,11.818890911116888,,
200915,2009-04-05,61793.0,5040833.0,1541.0,36362.0,,,31664.0,2.0,,9876.0,82006.0,0.0,,,,,1.2258489817059999,,12.043021242348122,,
200916,2009-04-12,56826.0,4838083.0,1617.0,37299.0,,,27923.0,9.0,,9606.0,84346.0,0.0,,,,,1.1745561206783761,,11.388803262751049,,
200917,2009-04-19,52021.0,4506855.0,1624.0,36240.0,,,25372.0,1.0,,9281.0,83873.0,0.0,,,,,1.1542638935577028,,11.06553956577206,,
200918,2009-04-26,56526.0,4717853.0,1511.0,31247.0,,,28705.0,2.0,,10063.0,85112.0,0.0,,,,,1.198129742490917,,11.823244665852053,,
200919,2009-05-03,51510.0,4470569.0,1727.0,29184.0,,,25406.0,5.0,,10604.0,90765.0,0.0,,,,,1.1522023259231655,,11.682917424117226,,
200920,2009-05-10,46957.0,4351523.0,1706.0,33154.0,,,22862.0,4.0,,9856.0,92441.0,0.0,,,,,1.079093457623917,,10.661935721162688,,
200921,2009-05-17,41778.0,4073423.0,1611.0,33411.0,,,20256.0,13.0,,9045.0,90661.0,0.0,,,,,1.0256239040237167,,9.976726486581882,,
200922,2009-05-24,37890.0,3665579.0,1436.0,28647.0,,,18931.0,14.0,,10055.0,93613.0,0.0,,,,,1.0336702605509251,,10.741029557860553,,
200923,2009-05-31,38459.0,4149486.0,1595.0,34730.0,,,18624.0,11.0,,8206.0,85889.0,0.0,,,,,0.9268376854386302,,9.5541920385614,,
200924,2009-06-07,35033.0,3996117.0,1520.0,34640.0,,,16837.0,20.0,,8111.0,87645.0,0.0,,,,,0.8766760332592864,,9.254378458554395,,
200925,2009-06-14,34871.0,3970822.0,1490.0,34831.0,,,16836.0,31.0,,7933.0,90196.0,0.0,,,,,0.8781808905057945,,8.795290256774136,,
200926,2009-06-21,34168.0,3954349.0,1490.0,33973.0,,,16575.0,3.0,,7875.0,88994.0,0.0,,,,,0.8640613157816874,,8.848911162550284,,
200927,2009-06-28,35394.0,4129605.0,1487.0,36594.0,,,17398.0,2.0,,7938.0,91051.0,1.0,,,,,0.8570795511919421,,8.718190903998858,,
200928,2009-07-05,35166.0,4159430.0,1502.0,36927.0,,,17076.0,3.0,,8005.0,90156.0,0.0,,,,,0.8454523816965306,,8.879054084032122,,
200929,2009-07-12,35528.0,4076923.0,1646.0,37679.0,,,17201.0,6.0,,8369.0,90062.0,3.0,,,,,0.8714415258762552,,9.292487397570563,,
200930,2009-07-19,37313.0,4140024.0,1564.0,37065.0,,,18471.0,7.0,,8956.0,92552.0,7.0,,,,,0.9012749684542891,,9.67672227504538,,
200931,2009-07-26,40176.0,4233574.0,1563.0,36633.0,,,20244.0,16.0,,9810.0,96767.0,12.0,,,,,0.9489854198840034,,10.137753573015594,,
200932,2009-08-02,37946.0,3675786.0,1618.0,35972.0,,,19757.0,27.0,,11977.0,98992.0,15.0,,,,,1.0323234268806727,,12.098957491514465,,
200933,2009-08-09,42876.0,4311881.0,1706.0,37633.0,,,22801.0,66.0,,11012.0,98589.0,22.0,,,,,0.9943688149093168,,11.169603099737293,,
200934,2009-08-16,47586.0,4418055.0,1929.0,36638.0,,,26673.0,171.0,,13704.0,102858.0,50.0,,,,,1.0770802989098145,,13.32322230648078,,
200935,2009-08-23,62262.0,4689420.0,2299.0,35283.0,,,37161.0,307.0,,20965.0,114004.0,128.0,,,,,1.3277121690955385,,18.38970562436406,,
200936,2009-08-30,73837.0,4677587.0,2587.0,34077.0,,,48373.0,504.0,,26704.0,123024.0,118.0,,,,,1.578527561325957,,21.706333723501107,,
200937,2009-09-06,79340.0,4717588.0,2521.0,34555.0,,,54494.0,490.0,,27232.0,123119.0,83.0,,,,,1.681791627416383,,22.118438258920232,,
200938,2009-09-13,72007.0,4523857.0,2234.0,33626.0,,,49587.0,389.0,,23451.0,118424.0,50.0,,,,,1.5917169795596988,,19.80257380260758,,
200939,2009-09-20,68155.0,4542189.0,2086.0,36428.0,,,46130.0,319.0,,20513.0,115195.0,27.0,,,,,1.5004879805750047,,17.807196492903337,,
200940,2009-09-27,62123.0,4284136.0,1826.0,33652.0,,,42275.0,249.0,,18573.0,111634.0,37.0,,,,,1.4500706793621865,,16.637404375011197,,
200941,2009-10-04,71291.0,4626946.0,1831.0,35959.0,,,50176.0,293.0,,18526.0,107868.0,30.0,,,,,1.5407787339640446,,17.174694997589647,,
200942,2009-10-11,77662.0,4843638.0,1926.0,35649.0,,,55183.0,299.0,,18022.0,105604.0,45.0,,,,,1.6033815904491624,,17.065641452975267,,
200943,2009-10-18,89940.0,4964442.0,2040.0,36038.0,,,65706.0,429.0,,19814.0,107513.0,61.0,,,,,1.811683971733379,,18.429399235441295,,
200944,2009-10-25,100003.0,5023696.0,2181.0,35390.0,,,75368.0,499.0,,22783.0,113430.0,64.0,,,,,1.9906260251416488,,20.08551529577713,,
200945,2009-11-01,101479.0,5073447.0,2056.0,35544.0,,,75851.0,473.0,,20995.0,109127.0,57.0,,,,,2.000198287278846,,19.239051747047018,,
200946,2009-11-08,104033.0,4868868.0,2103.0,35971.0,,,79268.0,554.0,,20655.0,108780.0,47.0,,,,,2.1366978936376997,,18.987865416436843,,
200947,2009-11-15,114780.0,4807867.0,2126.0,35364.0,,,90191.0,608.0,,20679.0,104942.0,76.0,,,,,2.387337253713549,,19.70517047511959,,
200948,2009-11-22,133099.0,4911614.0,2437.0,35866.0,,,107840.0,775.0,,22811.0,111395.0,56.0,,,,,2.709883146354742,,20.477579783652768,,
200949,2009-11-29,111482.0,4915981.0,2068.0,34448.0,,,86617.0,577.0,,18610.0,103640.0,41.0,,,,,2.2677467630570582,,17.95638749517561,,
200950,2009-12-06,91187.0,4974665.0,1960.0,36168.0,,,67340.0,394.0,,15774.0,103210.0,41.0,,,,,1.8330279526360067,,15.283402771049317,,
200951,2009-12-13,69174.0,4544941.0,1757.0,35331.0,,,47211.0,279.0,,12053.0,93956.0,10.0,,,,,1.5219999555549786,,12.828345182851548,,
200952,2009-12-20,66944.0,4767094.0,1649.0,35128.0,,,45015.0,198.0,,11371.0,94776.0,23.0,,,,,1.4042936849997085,,11.997763146788216,,
200953,2009-12-27,59460.0,4225059.0,1673.0,31362.0,,,38372.0,177.0,,12474.0,101620.0,15.0,,,,,1.4073176256236894,,12.275142688447156,,
201001,2010-01-03,62614.0,4729390.0,1853.0,37880.0,,,39926.0,163.0,,11115.0,96205.0,16.0,,,,,1.3239339534273975,,11.553453562704641,,
201002,2010-01-10,62227.0,4820008.0,1791.0,37012.0,,,39436.0,112.0,,10083.0,95821.0,7.0,,,,,1.2910144547477929,,10.522745535947235,,
201003,2010-01-17,63383.0,4962733.0,1995.0,38844.0,,,39388.0,117.0,,10465.0,99526.0,7.0,,,,,1.2771793284063437,,10.514840343226895,,
201004,2010-01-24,57105.0,4686735.0,1989.0,38115.0,,,34494.0,97.0,,9786.0,97695.0,10.0,,,,,1.2184388492201927,,10.016889298326424,,
201005,2010-01-31,53529.0,4866802.0,1837.0,37878.0,,,31217.0,81.0,,9241.0,96298.0,7.0,,,,,1.0998803731896223,,9.596253297057052,,
201006,2010-02-07,55445.0,5076035.0,1678.0,28488.0,,,31913.0,80.0,,9197.0,98711.0,5.0,,,,,1.0922895527710113,,9.31709738529647,,
201007,2010-02-14,26321.0,1847691.0,1533.0,23158.0,,,14341.0,49.0,,16258.0,123320.0,1.0,,,,,1.4245347301036808,,13.18358741485566,,
201008,2010-02-21,52474.0,4914519.0,1953.0,41295.0,,,30873.0,49.0,,9263.0,98886.0,1.0,,,,,1.0677341973853391,,9.36735230467407,,
201009,2010-02-28,49022.0,4881269.0,2089.0,40075.0,,,27651.0,54.0,,9792.0,102448.0,3.0,,,,,1.0042880242822103,,9.558019678275809,,
201010,2010-03-07,54895.0,4944653.0,1889.0,37643.0,,,30357.0,34.0,,9413.0,91522.0,1.0,,,,,1.1101891275282614,,10.284958807718363,,
201011,2010-03-14,57655.0,4997803.0,2171.0,38350.0,,,30835.0,47.0,,10541.0,95890.0,4.0,,,,,1.1536068948696057,,10.992804254875377,,
201012,2010-03-21,62450.0,5159670.0,2416.0,38839.0,,,32222.0,29.0,,11663.0,97223.0,2.0,,,,,1.2103487238524944,,11.996132602367753,,
201013,2010-03-28,64817.0,5381863.0,2399.0,37757.0,,,33053.0,27.0,,11963.0,98002.0,0.0,,,,,1.2043599028812142,,12.206893736862513,,
201014,2010-04-04,57847.0,4798390.0,2289.0,35908.0,,,28226.0,18.0,,13754.0,104217.0,4.0,,,,,1.2055501949612266,,13.19746298588522,,
201015,2010-04-11,56724.0,4847719.0,2170.0,38431.0,,,27764.0,26.0,,11694.0,97707.0,1.0,,,,,1.1701173273450876,,11.96843624305321,,
201016,2010-04-18,56005.0,4858389.0,2304.0,37704.0,,,26670.0,23.0,,12142.0,99351.0,4.0,,,,,1.1527483698814567,,12.221316343066501,,
201017,2010-04-25,58732.0,5001491.0,2265.0,37254.0,,,28925.0,36.0,,12846.0,99322.0,6.0,,,,,1.1742898267736561,,12.93369042105475,,
201018,2010-05-02,59064.0,5062633.0,2555.0,39146.0,,,28320.0,76.0,,14165.0,106013.0,15.0,,,,,1.1666656461173464,,13.3615688641959,,
201019,2010-05-09,60393.0,4942483.0,2488.0,38973.0,,,30450.0,74.0,,14564.0,106714.0,11.0,,,,,1.2219161907081926,,13.647693835860338,,
201020,2010-05-16,55349.0,4812097.0,2422.0,38547.0,,,27603.0,87.0,,13461.0,103223.0,16.0,,,,,1.1502054094088294,,13.040698293984867,,
201021,2010-05-23,53333.0,4698630.0,2251.0,38203.0,,,26909.0,56.0,,12842.0,102275.0,12.0,,,,,1.135075543296663,,12.556343192373502,,
201022,2010-05-30,51605.0,4679010.0,2055.0,36042.0,,,26612.0,62.0,,12058.0,97318.0,12.0,,,,,1.1029042468385406,,12.390308062228982,,
201023,2010-06-06,49033.0,4502205.0,2168.0,36178.0,,,25279.0,74.0,,12480.0,99935.0,10.0,,,,,1.0890885688234988,,12.488117276229548,,
201024,2010-06-13,47398.0,4296846.0,2091.0,35683.0,,,25177.0,75.0,,13134.0,107103.0,9.0,,,,,1.1030881721150816,,12.262961821797708,,
201025,2010-06-20,48369.0,4622682.0,2159.0,38635.0,,,25634.0,97.0,,12597.0,104049.0,15.0,,,,,1.046340630828597,,12.106795836576998,,
201026,2010-06-27,39605.0,3978001.0,1995.0,34013.0,,,20273.0,72.0,,13062.0,107711.0,29.0,,,,,0.9956005541476737,,12.12689511749032,,
201027,2010-07-04,47465.0,4634537.0,2360.0,41078.0,,,25735.0,139.0,,13322.0,111026.0,21.0,,,,,1.024158400288961,,11.998991227280097,,
201028,2010-07-11,46320.0,4521948.0,2238.0,40461.0,,,24747.0,138.0,,12699.0,106787.0,18.0,,,,,1.0243372988809247,,11.891896953749052,,
201029,2010-07-18,47055.0,4539446.0,2210.0,40377.0,,,25368.0,154.0,,12438.0,103369.0,40.0,,,,,1.0365802346806197,,12.032620998558562,,
201030,2010-07-25,48643.0,4348001.0,2152.0,39212.0,,,27222.0,164.0,,12223.0,101233.0,29.0,,,,,1.1187439929291645,,12.07412602609821,,
201031,2010-08-01,52986.0,4586167.0,2305.0,40983.0,,,31120.0,229.0,,13748.0,107526.0,60.0,,,,,1.1553438852095879,,12.785744843107713,,
201032,2010-08-08,56423.0,4623354.0,2436.0,38939.0,,,33257.0,265.0,,14081.0,106892.0,58.0,,,,,1.2203910840485068,,13.17310930658983,,
201033,2010-08-15,57633.0,4633534.0,2389.0,37393.0,,,34046.0,320.0,,14022.0,108102.0,56.0,,,,,1.243823828637062,,12.97108286618194,,
201034,2010-08-22,56523.0,4580996.0,2310.0,35701.0,,,33093.0,334.0,,13941.0,108019.0,46.0,,,,,1.2338583137815444,,12.906062822281266,,
201035,2010-08-29,54375.0,4570627.0,2207.0,34637.0,,,31567.0,262.0,,12810.0,103672.0,46.0,,,,,1.1896617247480488,,12.35627749054711,,
201036,2010-09-05,54878.0,4650490.0,2289.0,37744.0,,,31640.0,303.0,,12929.0,105566.0,51.0,,,,,1.1800476938989224,,12.247314476251823,,
201037,2010-09-12,56742.0,4852601.0,2250.0,38026.0,,,32493.0,281.0,,13180.0,109716.0,42.0,,,,,1.1693110560707547,,12.012833132815633,,
201038,2010-09-19,52265.0,4391042.0,2214.0,34386.0,,,29540.0,230.0,,13869.0,115147.0,22.0,,,,,1.1902641787530157,,12.044603854203757,,
201039,2010-09-26,54261.0,4929451.0,2185.0,38496.0,,,30177.0,197.0,,12320.0,107915.0,23.0,,,,,1.1007513818475931,,11.416392531158783,,
201040,2010-10-03,54038.0,4858443.0,2051.0,38379.0,,,30004.0,133.0,,11671.0,101738.0,17.0,,,,,1.112249335846896,,11.471623188975604,,
201041,2010-10-10,51222.0,4760908.0,2008.0,37368.0,,,28052.0,155.0,,10976.0,100699.0,10.0,,,,,1.07588720470969,,10.8998103258225,,
201042,2010-10-17,50160.0,4510776.0,1860.0,36740.0,,,27377.0,111.0,,10158.0,97537.0,17.0,,,,,1.1120037882617093,,10.414509365676615,,
201043,2010-10-24,51163.0,4621702.0,1741.0,35732.0,,,28125.0,98.0,,9837.0,92923.0,18.0,,,,,1.107016419492213,,10.586184260086307,,
201044,2010-10-31,55073.0,4935192.0,1917.0,36159.0,,,29846.0,75.0,,10185.0,94077.0,11.0,,,,,1.115924162626297,,10.826238081571478,,
201045,2010-11-07,54500.0,4810785.0,1933.0,36502.0,,,29054.0,74.0,,10386.0,95069.0,7.0,,,,,1.1328712465844972,,10.92469679916692,,
201046,2010-11-14,52880.0,4674021.0,1828.0,35504.0,,,27810.0,56.0,,9946.0,95458.0,8.0,,,,,1.1313599147286673,,10.4192419702906,,
201047,2010-11-21,53054.0,4674422.0,1779.0,34284.0,,,28322.0,51.0,,9790.0,96959.0,9.0,,,,,1.134985245234598,,10.097051330974947,,
201048,2010-11-28,54561.0,4851399.0,1917.0,35329.0,,,28542.0,60.0,,10514.0,101098.0,9.0,,,,,1.1246446643535195,,10.399810085263804,,
201049,2010-12-05,56704.0,4878398.0,1819.0,35008.0,,,30207.0,31.0,,10853.0,100201.0,10.0,,,,,1.1623487874503065,,10.831229229249209,,
201050,2010-12-12,55996.0,4652505.0,1909.0,35507.0,,,29543.0,34.0,,11083.0,99977.0,12.0,,,,,1.203566680745104,,11.085549676425577,,
201051,2010-12-19,63489.0,4980677.0,2060.0,35473.0,,,34835.0,73.0,,13434.0,108928.0,15.0,,,,,1.2747062296952805,,12.332917156286722,,
201052,2010-12-26,68368.0,4925270.0,2148.0,34127.0,,,38533.0,92.0,,14944.0,113362.0,22.0,,,,,1.3881066418693797,,13.182547943755402,,
201101,2011-01-02,82438.0,5392130.0,2522.0,36464.0,,,48195.0,162.0,,16164.0,109222.0,57.0,,,,,1.5288577983097589,,14.79921627510941,,
201102,2011-01-09,87523.0,5126921.0,2938.0,36209.0,,,53168.0,325.0,,19884.0,120816.0,103.0,,,,,1.7071259728792387,,16.45808502185141,,
201103,2011-01-16,113478.0,5647633.0,3472.0,37909.0,,,73331.0,476.0,,25313.0,131571.0,194.0,,,,,2.0093019500381843,,19.239042038139104,,
201104,2011-01-23,133723.0,6225283.0,3901.0,36487.0,,,86516.0,625.0,,28561.0,134813.0,205.0,,,,,2.148062987658553,,21.185642334196256,,
201105,2011-01-30,81868.0,3490468.0,3484.0,20714.0,,,51336.0,527.0,,56418.0,208111.0,182.0,,,,,2.345473443675748,,27.10957133452821,,
201106,2011-02-06,108354.0,5213972.0,4426.0,42690.0,,,66643.0,534.0,,33264.0,153674.0,142.0,,,,,2.0781469482383104,,21.645821674453714,,
201107,2011-02-13,96835.0,5247718.0,3426.0,39533.0,,,57986.0,359.0,,21221.0,117561.0,76.0,,,,,1.8452782714315061,,18.051054346254286,,
201108,2011-02-20,100025.0,5626533.0,3445.0,39539.0,,,59811.0,342.0,,21192.0,118742.0,55.0,,,,,1.7777377294330274,,17.84709706759192,,
201109,2011-02-27,93765.0,5421404.0,3338.0,37742.0,,,54673.0,258.0,,22044.0,124852.0,20.0,,,,,1.7295335304286492,,17.65610482811649,,
201110,2011-03-06,93471.0,5661530.0,3306.0,39886.0,,,51880.0,189.0,,19331.0,111989.0,10.0,,,,,1.650984804460985,,17.261516756109977,,
201111,2011-03-13,90302.0,5664243.0,3421.0,39069.0,,,48588.0,141.0,,18616.0,112794.0,7.0,,,,,1.5942465745201964,,16.504423994184087,,
201112,2011-03-20,84591.0,5541742.0,3350.0,39045.0,,,42972.0,116.0,,17037.0,107853.0,6.0,,,,,1.5264333850258638,,15.796500792745682,,
201113,2011-03-27,83197.0,5571483.0,3201.0,39195.0,,,43331.0,101.0,,16845.0,106947.0,7.0,,,,,1.493264899130088,,15.750792448596034,,
201114,2011-04-03,75246.0,5002319.0,3202.0,35737.0,,,39672.0,82.0,,19197.0,120285.0,2.0,,,,,1.5042223416779297,,15.95959595959596,,
201115,2011-04-10,71496.0,5360321.0,3277.0,40782.0,,,35535.0,54.0,,16100.0,110190.0,6.0,,,,,1.3338007182778793,,14.61112623650059,,
201116,2011-04-17,69767.0,5210696.0,2784.0,39358.0,,,32512.0,35.0,,14213.0,101494.0,1.0,,,,,1.3389190234855382,,14.003783474885214,,
201117,2011-04-24,65217.0,4973913.0,2716.0,38983.0,,,29621.0,46.0,,13506.0,99502.0,4.0,,,,,1.311180955517316,,13.573596510622902,,
201118,2011-05-01,57993.0,4832406.0,2500.0,38781.0,,,25940.0,36.0,,12354.0,99917.0,4.0,,,,,1.20008542328604,,12.364262337740325,,
201119,2011-05-08,51193.0,4691033.0,2503.0,39151.0,,,22893.0,41.0,,12559.0,103886.0,1.0,,,,,1.0912948171543453,,12.089213175981364,,
201120,2011-05-15,48978.0,4609725.0,2261.0,38008.0,,,22575.0,29.0,,11604.0,97469.0,4.0,,,,,1.0624928818964254,,11.905323743959618,,
201121,2011-05-22,46900.0,4499935.0,2198.0,38204.0,,,21631.0,37.0,,11774.0,99468.0,1.0,,,,,1.0422372767606642,,11.836972694735996,,
201122,2011-05-29,46731.0,4698599.0,2189.0,37508.0,,,21986.0,32.0,,12135.0,102919.0,0.0,,,,,0.9945730631620191,,11.790825795042704,,
201123,2011-06-05,40045.0,4239695.0,2089.0,37152.0,,,18706.0,38.0,,13973.0,115619.0,2.0,,,,,0.9445254906308119,,12.085383890191059,,
201124,2011-06-12,40335.0,4564624.0,2072.0,39295.0,,,18696.0,35.0,,11399.0,106706.0,2.0,,,,,0.8836434282429396,,10.682623282664517,,
201125,2011-06-19,39538.0,4391313.0,1969.0,38793.0,,,18588.0,38.0,,11086.0,103393.0,3.0,,,,,0.9003685230362763,,10.722195893339007,,
201126,2011-06-26,38031.0,4326831.0,1922.0,38207.0,,,17372.0,27.0,,10487.0,99724.0,0.0,,,,,0.878957370879519,,10.51602422686615,,
201127,2011-07-03,38196.0,4407794.0,1874.0,40448.0,,,17841.0,25.0,,10516.0,102200.0,3.0,,,,,0.8665559234392533,,10.28962818003914,,
201128,2011-07-10,39851.0,4350195.0,1925.0,40055.0,,,18542.0,31.0,,10504.0,102636.0,2.0,,,,,0.9160738771480359,,10.234225807708796,,
201129,2011-07-17,39976.0,4363307.0,1977.0,40594.0,,,18451.0,26.0,,10257.0,103291.0,4.0,,,,,0.9161858196088426,,9.93019720982467,,
201130,2011-07-24,40384.0,4395259.0,1967.0,40856.0,,,18752.0,30.0,,10382.0,102907.0,5.0,,,,,0.918808197651151,,10.088720883904886,,
201131,2011-07-31,41767.0,4539071.0,2080.0,38487.0,,,19362.0,32.0,,10588.0,103963.0,2.0,,,,,0.9201662630965676,,10.18439252426344,,
201132,2011-08-07,40792.0,4414256.0,2004.0,37790.0,,,18889.0,33.0,,10586.0,104332.0,6.0,,,,,0.9240968353443932,,10.146455545757773,,
201133,2011-08-14,40659.0,4456268.0,2016.0,38168.0,,,18528.0,34.0,,9966.0,102454.0,7.0,,,,,0.9124002416371726,,9.727292248228473,,
201134,2011-08-21,40821.0,4450839.0,2100.0,36971.0,,,18636.0,36.0,,10370.0,103410.0,6.0,,,,,0.9171529233027751,,10.02804370950585,,
201135,2011-08-28,40319.0,4286859.0,2017.0,38458.0,,,18629.0,25.0,,9932.0,99507.0,1.0,,,,,0.9405254523183524,,9.981207352246576,,
201136,2011-09-04,43143.0,4661014.0,2058.0,38876.0,,,19769.0,29.0,,9776.0,102598.0,1.0,,,,,0.9256140402067018,,9.528450846995067,,
201137,2011-09-11,41521.0,4288087.0,2118.0,37392.0,,,19515.0,35.0,,11453.0,112727.0,1.0,,,,,0.9682872572314881,,10.159943935348231,,
201138,2011-09-18,47203.0,4845787.0,1959.0,39370.0,,,22950.0,27.0,,10173.0,102265.0,4.0,,,,,0.9741038968489535,,9.947684936195179,,
201139,2011-09-25,45836.0,4684990.0,2047.0,38867.0,,,21750.0,39.0,,10024.0,102862.0,5.0,,,,,0.9783585450555924,,9.745095370496394,,
201140,2011-10-02,49055.0,4918352.0,1945.0,38803.0,,,23989.0,37.0,,9471.0,98049.0,10.0,,,,,0.9973869296056891,,9.659455986292569,,
201141,2011-10-09,31858.0,2987274.0,1350.0,26058.0,,,16279.0,21.0,,11471.0,108186.0,5.0,,,,,1.066457244966481,,10.603035512912946,,
201142,2011-10-16,54138.0,5060696.0,1959.0,39375.0,,,28493.0,40.0,,10529.0,101364.0,8.0,,,,,1.0697738018644076,,10.387316996172212,,
201143,2011-10-23,54412.0,4921840.0,1933.0,38374.0,,,28302.0,66.0,,10484.0,98821.0,11.0,,,,,1.1055215122799604,,10.609081065765373,,
201144,2011-10-30,54347.0,4973201.0,2047.0,38898.0,,,27945.0,53.0,,10273.0,100400.0,18.0,,,,,1.0927971742947853,,10.23207171314741,,
201145,2011-11-06,50397.0,4463198.0,1927.0,37765.0,,,26101.0,74.0,,9538.0,97012.0,5.0,,,,,1.1291679195052515,,9.83177338885911,,
201146,2011-11-13,52794.0,4764561.0,2019.0,38034.0,,,27933.0,80.0,,10149.0,99527.0,14.0,,,,,1.10805591532987,,10.19723291167221,,
201147,2011-11-20,58194.0,4945933.0,2098.0,38245.0,,,32084.0,121.0,,10858.0,99143.0,15.0,,,,,1.1766030797424873,,10.951857418072885,,
201148,2011-11-27,59425.0,4920793.0,2202.0,38262.0,,,32377.0,143.0,,11181.0,97521.0,19.0,,,,,1.2076305587331149,,11.465222875073062,,
201149,2011-12-04,63342.0,4840834.0,2250.0,37698.0,,,35715.0,175.0,,11990.0,99087.0,27.0,,,,,1.30849353644434,,12.100477358281106,,
201150,2011-12-11,62884.0,4515895.0,2308.0,36808.0,,,36498.0,248.0,,12438.0,99932.0,35.0,,,,,1.3925035900967582,,12.446463595244767,,
201151,2011-12-18,80163.0,4979026.0,2616.0,38336.0,,,49772.0,402.0,,14086.0,101476.0,56.0,,,,,1.6100136854075475,,13.881114746343963,,
201152,2011-12-25,103487.0,5414444.0,3145.0,38586.0,,,69112.0,710.0,,19020.0,110526.0,111.0,,,,,1.911313516216993,,17.208620596058847,,
201201,2012-01-01,124017.0,5288927.0,3572.0,38734.0,,,87605.0,911.0,,24878.0,119538.0,168.0,,,,,2.34484234703939,,20.81179206612123,,
201202,2012-01-08,138785.0,5506620.0,3727.0,37912.0,,,101268.0,1049.0,,27354.0,127763.0,130.0,,,,,2.520330075436475,,21.409954368635677,,
201203,2012-01-15,152851.0,6366284.0,3304.0,31589.0,,,110859.0,873.0,,25713.0,131560.0,125.0,,,,,2.4009453552496245,,19.544694435998785,,
201204,2012-01-22,65843.0,1965201.0,2911.0,22448.0,,,46949.0,652.0,,53296.0,202561.0,105.0,,,,,3.3504460866852805,,26.311086536895058,,
201205,2012-01-29,113552.0,5445488.0,3254.0,42978.0,,,80177.0,659.0,,22679.0,125296.0,121.0,,,,,2.085249292625381,,18.100338398671944,,
201206,2012-02-05,88394.0,4809538.0,2814.0,39204.0,,,58961.0,492.0,,17598.0,114027.0,65.0,,,,,1.837889626820705,,15.43318687679234,,
201207,2012-02-12,87138.0,5073248.0,2833.0,38732.0,,,55791.0,442.0,,16514.0,112828.0,60.0,,,,,1.7175978781246255,,14.636437763675683,,
201208,2012-02-19,82633.0,4938799.0,2738.0,38822.0,,,51083.0,380.0,,15127.0,109419.0,46.0,,,,,1.6731395628775336,,13.82483846498323,,
201209,2012-02-26,75274.0,4801432.0,2444.0,35619.0,,,45091.0,290.0,,15685.0,114590.0,53.0,,,,,1.5677406240471592,,13.687930884021293,,
201210,2012-03-04,75640.0,5181935.0,2531.0,37875.0,,,43711.0,267.0,,14618.0,113392.0,32.0,,,,,1.4596863912804772,,12.891562014956964,,
201211,2012-03-11,74769.0,5183919.0,2466.0,38130.0,,,42186.0,203.0,,13894.0,108871.0,34.0,,,,,1.4423257770810076,,12.76189251499481,,
201212,2012-03-18,72878.0,5005493.0,2664.0,37028.0,,,39753.0,208.0,,14359.0,111451.0,26.0,,,,,1.4559604818146783,,12.883688795973118,,
201213,2012-03-25,77428.0,5314549.0,2653.0,36805.0,,,41606.0,159.0,,14888.0,111721.0,19.0,,,,,1.4569063150984214,,13.326053293472132,,
201214,2012-04-01,67023.0,4937935.0,2731.0,35784.0,,,33136.0,141.0,,15324.0,118267.0,13.0,,,,,1.3573082675247852,,12.95712244328511,,
201215,2012-04-08,61092.0,5016541.0,2520.0,38621.0,,,28246.0,92.0,,13471.0,113480.0,17.0,,,,,1.2178112368661993,,11.870814240394783,,
201216,2012-04-15,47928.0,3992789.0,2046.0,32351.0,,,22502.0,98.0,,12395.0,114713.0,27.0,,,,,1.2003639561218988,,10.805226957711854,,
201217,2012-04-22,44696.0,3851585.0,2088.0,32325.0,,,20390.0,102.0,,12739.0,115299.0,15.0,,,,,1.1604573182209401,,11.048664775930407,,
201218,2012-04-29,52622.0,4747653.0,2372.0,37438.0,,,24312.0,128.0,,12564.0,117775.0,17.0,,,,,1.1083792349609376,,10.667798768838887,,
201219,2012-05-06,54389.0,4884988.0,2414.0,37538.0,,,25281.0,127.0,,13597.0,121314.0,13.0,,,,,1.1133906572544292,,11.208104588093708,,
201220,2012-05-13,50681.0,4543952.0,2418.0,37605.0,,,23845.0,157.0,,13061.0,120868.0,29.0,,,,,1.1153506903241936,,10.806003243207465,,
201221,2012-05-20,56089.0,4842887.0,2537.0,37788.0,,,26572.0,160.0,,13711.0,121840.0,26.0,,,,,1.1581728006455654,,11.253282994090611,,
201222,2012-05-27,52490.0,4737002.0,2440.0,37602.0,,,24554.0,150.0,,13075.0,121432.0,17.0,,,,,1.1080848182035812,,10.767343039725937,,
201223,2012-06-03,52129.0,4764322.0,2473.0,38533.0,,,23906.0,153.0,,13260.0,125464.0,23.0,,,,,1.094153585756798,,10.568768730472486,,
201224,2012-06-10,49634.0,4425058.0,2461.0,37822.0,,,23281.0,162.0,,12721.0,122028.0,40.0,,,,,1.1216576144312684,,10.42465663618186,,
201225,2012-06-17,50115.0,4168814.0,2434.0,36023.0,,,24966.0,243.0,,14926.0,126340.0,44.0,,,,,1.2021404648900142,,11.814152287478233,,
201226,2012-06-24,55341.0,4824050.0,2704.0,39682.0,,,28886.0,327.0,,16138.0,132712.0,57.0,,,,,1.1471896020978223,,12.16016637530894,,
201227,2012-07-01,56488.0,4829549.0,2854.0,40388.0,,,29718.0,377.0,,16117.0,133075.0,71.0,,,,,1.169633023704698,,12.111215479992486,,
201228,2012-07-08,54923.0,4623384.0,2763.0,40481.0,,,29160.0,341.0,,14920.0,130551.0,46.0,,,,,1.18793939677085,,11.428483887522884,,
201229,2012-07-15,49079.0,4280216.0,2421.0,37903.0,,,25565.0,241.0,,13579.0,126682.0,30.0,,,,,1.1466477392729713,,10.718965598901185,,
201230,2012-07-22,50343.0,4514782.0,2383.0,39554.0,,,25771.0,197.0,,12664.0,122913.0,22.0,,,,,1.1150704507991749,,10.30322260460651,,
201231,2012-07-29,46789.0,4166959.0,2222.0,38392.0,,,23671.0,180.0,,11721.0,119217.0,19.0,,,,,1.1228572203374212,,9.83165152620851,,
201232,2012-08-05,46457.0,4570565.0,2060.0,39208.0,,,23455.0,125.0,,10864.0,118917.0,22.0,,,,,1.0164388866584328,,9.135783781965573,,
201233,2012-08-12,45071.0,4558806.0,2106.0,39686.0,,,22256.0,84.0,,10534.0,120481.0,12.0,,,,,0.9886579950978392,,8.743287323312389,,
201234,2012-08-19,41117.0,4036187.0,1921.0,34451.0,,,20084.0,90.0,,10355.0,117021.0,9.0,,,,,1.0187089944048677,,8.848839097256048,,
201235,2012-08-26,43743.0,4334762.0,1838.0,34098.0,,,20917.0,42.0,,9980.0,113371.0,13.0,,,,,1.009121146674258,,8.802956664402712,,
201236,2012-09-02,41775.0,4315351.0,1943.0,34689.0,,,19653.0,43.0,,10088.0,116963.0,1.0,,,,,0.9680556691680469,,8.624949770440224,,
201237,2012-09-09,47709.0,4810370.0,2017.0,35999.0,,,22716.0,45.0,,10429.0,118792.0,3.0,,,,,0.9917948099626432,,8.779210721260691,,
201238,2012-09-16,51573.0,5006022.0,2040.0,39115.0,,,24891.0,31.0,,10874.0,118205.0,3.0,,,,,1.0302192039907137,,9.19927245040396,,
201239,2012-09-23,49146.0,4808459.0,1971.0,37205.0,,,22953.0,30.0,,10050.0,116619.0,6.0,,,,,1.0220738078457152,,8.617806703881872,,
201240,2012-09-30,54173.0,5254021.0,1958.0,40022.0,,,26826.0,28.0,,10824.0,121982.0,3.0,,,,,1.0310769599131788,,8.873440343657261,,
201241,2012-10-07,51003.0,4819026.0,1950.0,37414.0,,,24909.0,34.0,,10845.0,126878.0,0.0,,,,,1.0583673962331808,,8.54758114093854,,
201242,2012-10-14,50452.0,4994318.0,1869.0,38727.0,,,24377.0,22.0,,9746.0,119982.0,1.0,,,,,1.010187977617765,,8.122885099431581,,
201243,2012-10-21,49265.0,4864665.0,1955.0,38528.0,,,23426.0,36.0,,9697.0,121184.0,0.0,,,,,1.0127110499900815,,8.001881436493266,,
201244,2012-10-28,48655.0,4794292.0,1771.0,38262.0,,,23103.0,16.0,,8731.0,114409.0,2.0,,,,,1.0148526622909075,,7.631392635194784,,
201245,2012-11-04,52596.0,4984655.0,1865.0,38536.0,,,25565.0,30.0,,9346.0,114993.0,1.0,,,,,1.0551582807636637,,8.127451236162202,,
201246,2012-11-11,53030.0,4914099.0,1927.0,38560.0,,,25214.0,23.0,,9526.0,115170.0,1.0,,,,,1.0791398382490869,,8.271251193887297,,
201247,2012-11-18,52668.0,4868589.0,1815.0,38103.0,,,25131.0,17.0,,9326.0,112242.0,2.0,,,,,1.081791870293426,,8.308832700771546,,
201248,2012-11-25,50123.0,4632204.0,1826.0,37292.0,,,24250.0,19.0,,9101.0,111627.0,0.0,,,,,1.082055108108365,,8.153045410160624,,
201249,2012-12-02,52206.0,4860882.0,1879.0,37641.0,,,25800.0,28.0,,9226.0,110723.0,1.0,,,,,1.074002619277736,,8.332505441507184,,
201250,2012-12-09,52916.0,4806964.0,1865.0,36705.0,,,26216.0,23.0,,9818.0,116489.0,0.0,,,,,1.1008195609536497,,8.428263612873318,,
201251,2012-12-16,56384.0,4999819.0,1991.0,37648.0,,,27842.0,32.0,,10191.0,118170.0,1.0,,,,,1.1277208234938105,,8.624016247778624,,
201252,2012-12-23,60882.0,5208005.0,2056.0,37924.0,,,30602.0,38.0,,10631.0,115080.0,4.0,,,,,1.1690080942702628,,9.237921445950644,,
201301,2012-12-30,55907.0,4551999.0,1919.0,34350.0,,,28476.0,36.0,,12003.0,122096.0,5.0,,,,,1.228185682817593,,9.83078888743284,,
201302,2013-01-06,60268.0,5051291.0,2101.0,38353.0,,,30589.0,45.0,,11110.0,115761.0,4.0,,,,,1.193120728938404,,9.597360078091931,,
201303,2013-01-13,61463.0,5025005.0,2237.0,37504.0,,,31292.0,53.0,,11446.0,114079.0,6.0,,,,,1.2231430615491925,,10.03339790846694,,
201304,2013-01-20,65593.0,5230787.0,2401.0,39108.0,,,32847.0,84.0,,12491.0,118697.0,18.0,,,,,1.2539795636870703,,10.52343361668787,,
201305,2013-01-27,67610.0,5393479.0,2365.0,38206.0,,,34176.0,90.0,,12092.0,116620.0,10.0,,,,,1.2535508157165347,,10.368718916137883,,
201306,2013-02-03,69810.0,5680172.0,2286.0,28990.0,,,34784.0,68.0,,13136.0,123771.0,12.0,,,,,1.2290120792116859,,10.613148475814205,,
201307,2013-02-10,35901.0,2187247.0,2276.0,24212.0,,,18048.0,104.0,,26952.0,172817.0,16.0,,,,,1.6413784085656535,,15.595687924220417,,
201308,2013-02-17,57631.0,4853647.0,2397.0,39561.0,,,29937.0,127.0,,13022.0,121076.0,31.0,,,,,1.1873751840626234,,10.755228121180085,,
201309,2013-02-24,52652.0,4356486.0,2253.0,33374.0,,,27227.0,116.0,,12650.0,116634.0,17.0,,,,,1.2085887570854124,,10.845893993175231,,
201310,2013-03-03,66258.0,5351699.0,2447.0,38026.0,,,35190.0,146.0,,11943.0,110123.0,24.0,,,,,1.238074114407406,,10.845145882331575,,
201311,2013-03-10,67680.0,5156103.0,2593.0,38495.0,,,35422.0,157.0,,13140.0,114768.0,29.0,,,,,1.3126192397630536,,11.449184441656211,,
201312,2013-03-17,62359.0,4824786.0,2500.0,36504.0,,,32059.0,179.0,,12968.0,115668.0,21.0,,,,,1.2924718319113013,,11.211398139502714,,
201313,2013-03-24,59710.0,4548807.0,2280.0,34177.0,,,30882.0,193.0,,12703.0,110988.0,43.0,,,,,1.312651866742203,,11.445381482682812,,
201314,2013-03-31,62023.0,4543927.0,2385.0,32129.0,,,32492.0,197.0,,14445.0,115208.0,46.0,,,,,1.3649647100404563,,12.53819179223665,,
201315,2013-04-07,68637.0,5205048.0,2500.0,38203.0,,,37021.0,212.0,,13501.0,112502.0,41.0,,,,,1.318662191011495,,12.000675543545892,,
201316,2013-04-14,63279.0,4889335.0,2421.0,36571.0,,,33326.0,185.0,,14121.0,119019.0,26.0,,,,,1.294225083779287,,11.864492223930633,,
201317,2013-04-21,65817.0,5024729.0,2576.0,36903.0,,,34833.0,238.0,,14003.0,115418.0,40.0,,,,,1.3098616860730201,,12.132423018939853,,
201318,2013-04-28,66856.0,5120947.0,2440.0,36599.0,,,35794.0,219.0,,15182.0,116620.0,45.0,,,,,1.3055397761390617,,13.018350197221746,,
201319,2013-05-05,53356.0,4313242.0,2499.0,36392.0,,,27258.0,164.0,,13646.0,117244.0,38.0,,,,,1.2370277392272448,,11.63897512879124,,
201320,2013-05-12,48963.0,4192398.0,2061.0,32983.0,,,24297.0,143.0,,13159.0,117816.0,26.0,,,,,1.1678996125844923,,11.169111156379438,,
201321,2013-05-19,53634.0,4744973.0,2382.0,37972.0,,,27681.0,213.0,,12826.0,117461.0,41.0,,,,,1.1303330914633234,,10.919368982045105,,
201322,2013-05-26,52117.0,4798535.0,2544.0,38115.0,,,26417.0,194.0,,13356.0,122767.0,36.0,,,,,1.086102320812498,,10.879145047121783,,
201323,2013-06-02,48858.0,4695009.0,2207.0,37227.0,,,24457.0,178.0,,12920.0,123301.0,38.0,,,,,1.040636982804506,,10.478422721632429,,
201324,2013-06-09,45680.0,4403716.0,2133.0,36212.0,,,22414.0,137.0,,13155.0,127124.0,35.0,,,,,1.0373057663119056,,10.348163997356911,,
201325,2013-06-16,46183.0,4700455.0,2192.0,38990.0,,,22651.0,138.0,,12224.0,119916.0,23.0,,,,,0.9825219047943231,,10.193802328296474,,
201326,2013-06-23,44291.0,4568737.0,2105.0,38405.0,,,21811.0,123.0,,11682.0,119630.0,21.0,,,,,0.9694364109818534,,9.765109086349577,,
201327,2013-06-30,41622.0,4539649.0,2107.0,38232.0,,,19904.0,103.0,,11247.0,119349.0,20.0,,,,,0.9168550255757659,,9.423623155619234,,
201328,2013-07-07,39500.0,4215437.0,1955.0,37920.0,,,18589.0,83.0,,10593.0,115460.0,11.0,,,,,0.9370321511150564,,9.174605924129569,,
201329,2013-07-14,41863.0,4671443.0,1932.0,38661.0,,,19336.0,75.0,,10325.0,115710.0,7.0,,,,,0.8961470791787463,,8.923169993950394,,
201330,2013-07-21,39071.0,4494601.0,2043.0,39414.0,,,17461.0,77.0,,9528.0,113491.0,11.0,,,,,0.8692873961448413,,8.395379369289195,,
201331,2013-07-28,39830.0,4509310.0,1933.0,39907.0,,,18211.0,63.0,,9860.0,114737.0,9.0,,,,,0.8832836952881926,,8.593566155642906,,
201332,2013-08-04,39716.0,4552133.0,2034.0,38985.0,,,17583.0,59.0,,9767.0,116158.0,7.0,,,,,0.8724701145594823,,8.408374799841596,,
201333,2013-08-11,39913.0,4529810.0,1982.0,37854.0,,,18012.0,57.0,,9792.0,114384.0,11.0,,,,,0.8811186341148967,,8.560637851447755,,
201334,2013-08-18,37800.0,4156428.0,2002.0,35752.0,,,16662.0,57.0,,9447.0,109070.0,12.0,,,,,0.9094347357875561,,8.66141010360319,,
201335,2013-08-25,39243.0,4380138.0,1920.0,36394.0,,,17030.0,46.0,,9326.0,111004.0,10.0,,,,,0.8959306761567786,,8.401499045079456,,
201336,2013-09-01,43543.0,4859707.0,2007.0,37221.0,,,20000.0,80.0,,9337.0,110056.0,11.0,,,,,0.8960005201959707,,8.483862760776333,,
201337,2013-09-08,43059.0,4775564.0,2146.0,40772.0,,,18895.0,67.0,,10124.0,116449.0,13.0,,,,,0.9016526634340991,,8.693934683853017,,
201338,2013-09-15,41465.0,4242740.0,2024.0,34908.0,,,18219.0,50.0,,11252.0,121741.0,4.0,,,,,0.9773165454399751,,9.242572346210398,,
201339,2013-09-22,46004.0,4988988.0,2048.0,41081.0,,,20534.0,47.0,,10330.0,116486.0,5.0,,,,,0.9221108569513496,,8.868018474323094,,
201340,2013-09-29,46086.0,5006184.0,2004.0,39953.0,,,21360.0,68.0,,9958.0,111917.0,2.0,,,,,0.9205814248936914,,8.897665234057381,,
201341,2013-10-06,45110.0,4682108.0,1876.0,36300.0,,,21221.0,48.0,,10459.0,116031.0,10.0,,,,,0.9634549224409177,,9.013970404460878,,
201342,2013-10-13,48477.0,5020788.0,1845.0,38558.0,,,23543.0,53.0,,9892.0,111994.0,5.0,,,,,0.9655257302240207,,8.832616033001768,,
201343,2013-10-20,51469.0,5020737.0,1856.0,38438.0,,,24986.0,42.0,,9737.0,106734.0,5.0,,,,,1.0251283825462278,,9.122678809001817,,
201344,2013-10-27,54191.0,5162270.0,1971.0,38009.0,,,25997.0,52.0,,10667.0,110526.0,6.0,,,,,1.0497513690682587,,9.651122812731845,,
201345,2013-11-03,51215.0,4949410.0,1961.0,38867.0,,,23844.0,51.0,,9817.0,109765.0,5.0,,,,,1.0347698008449493,,8.943652348198423,,
201346,2013-11-10,49271.0,4858061.0,1883.0,38382.0,,,23316.0,50.0,,9395.0,107908.0,6.0,,,,,1.0142112254251232,,8.706490714312192,,
201347,2013-11-17,55299.0,5083461.0,1914.0,38179.0,,,27656.0,55.0,,9682.0,104535.0,8.0,,,,,1.0878218599493534,,9.261969675228393,,
201348,2013-11-24,54279.0,4884973.0,1918.0,37615.0,,,26384.0,74.0,,9791.0,103397.0,9.0,,,,,1.111142272434259,,9.469326963064692,,
201349,2013-12-01,61593.0,5335981.0,2132.0,39479.0,,,31308.0,81.0,,10834.0,106825.0,12.0,,,,,1.1542957143213217,,10.141820734846712,,
201350,2013-12-08,62114.0,5117915.0,2265.0,39147.0,,,30646.0,111.0,,11178.0,107702.0,17.0,,,,,1.213658296396091,,10.37863735120982,,
201351,2013-12-15,58059.0,4658022.0,2081.0,38444.0,,,28855.0,141.0,,10288.0,101933.0,19.0,,,,,1.246430351767338,,10.092904162538138,,
201352,2013-12-22,64355.0,4902851.0,2244.0,38044.0,,,34276.0,191.0,,11351.0,104649.0,26.0,,,,,1.3126036259311165,,10.846735276973503,,
201401,2013-12-29,77533.0,5050678.0,2647.0,37099.0,,,45616.0,263.0,,15936.0,123134.0,56.0,,,,,1.5351008320071087,,12.9419981483587,,
201402,2014-01-05,88823.0,5384820.0,2887.0,40002.0,,,53635.0,368.0,,16395.0,120569.0,101.0,,,,,1.6495073187218885,,13.598022708988214,,
201403,2014-01-12,94216.0,5322216.0,2953.0,38941.0,,,58576.0,461.0,,16396.0,118316.0,100.0,,,,,1.7702400654163604,,13.857804523479496,,
201404,2014-01-19,93118.0,5010433.0,3173.0,39129.0,,,58487.0,500.0,,18594.0,126506.0,112.0,,,,,1.8584820912683595,,14.698117085355635,,
201405,2014-01-26,85377.0,4287803.0,2823.0,23442.0,,,54374.0,382.0,,35150.0,181705.0,130.0,,,,,1.9911595751950357,,19.34454197738092,,
201406,2014-02-02,87363.0,4511299.0,3522.0,38614.0,,,54416.0,461.0,,28201.0,163568.0,159.0,,,,,1.9365375693342428,,17.24114741269686,,
201407,2014-02-09,80565.0,4884733.0,2951.0,41854.0,,,49063.0,408.0,,15691.0,118378.0,121.0,,,,,1.64932249111671,,13.25499670546892,,
201408,2014-02-16,88481.0,5239835.0,3150.0,41741.0,,,55141.0,424.0,,17054.0,125743.0,134.0,,,,,1.6886218745437596,,13.56258400069984,,
201409,2014-02-23,90700.0,5173675.0,3229.0,39500.0,,,56192.0,459.0,,19679.0,134958.0,143.0,,,,,1.7531058676859292,,14.581573526578639,,
201410,2014-03-02,85683.0,5356907.0,3285.0,42824.0,,,50307.0,415.0,,15816.0,119963.0,99.0,,,,,1.5994864200554537,,13.184065086735076,,
201411,2014-03-09,83910.0,5362545.0,3040.0,40545.0,,,47472.0,351.0,,15141.0,116969.0,93.0,,,,,1.5647421140521898,,12.944455368516445,,
201412,2014-03-16,86312.0,5473872.0,3381.0,41400.0,,,47315.0,314.0,,16449.0,123171.0,53.0,,,,,1.5767997497931994,,13.35460457412865,,
201413,2014-03-23,81366.0,5284868.0,3349.0,41312.0,,,43188.0,266.0,,16213.0,125358.0,41.0,,,,,1.5396032597219078,,12.933358860224317,,
201414,2014-03-30,72830.0,4745752.0,3027.0,36199.0,,,37037.0,231.0,,16490.0,124566.0,39.0,,,,,1.5346356067489408,,13.237962204774979,,
201415,2014-04-06,78080.0,5476029.0,3194.0,42648.0,,,38245.0,204.0,,15690.0,121967.0,21.0,,,,,1.4258507396509406,,12.864135380881715,,
201416,2014-04-13,66724.0,4937797.0,2960.0,41206.0,,,30435.0,160.0,,14603.0,121981.0,20.0,,,,,1.3512908691872103,,11.971536550774301,,
201417,2014-04-20,64181.0,4988732.0,3025.0,41143.0,,,29183.0,170.0,,13496.0,118833.0,19.0,,,,,1.2865192998942416,,11.357114606212079,,
201418,2014-04-27,60463.0,4939504.0,2670.0,40003.0,,,27173.0,124.0,,12746.0,115851.0,24.0,,,,,1.2240702710231635,,11.002062994708721,,
201419,2014-05-04,58586.0,4962694.0,2551.0,40374.0,,,25243.0,107.0,,12410.0,112856.0,14.0,,,,,1.1805281566826404,,10.996313886722904,,
201420,2014-05-11,54296.0,4946366.0,2718.0,41261.0,,,23060.0,109.0,,13388.0,124772.0,24.0,,,,,1.0976947520664666,,10.729971467957554,,
201421,2014-05-18,52763.0,4712573.0,2708.0,40486.0,,,22447.0,96.0,,12867.0,121526.0,19.0,,,,,1.1196219135491376,,10.587857742376118,,
201422,2014-05-25,51963.0,4881427.0,2805.0,41380.0,,,21847.0,134.0,,13329.0,124899.0,18.0,,,,,1.0645042935190878,,10.671822832848942,,
201423,2014-06-01,48148.0,4614590.0,2585.0,39436.0,,,21031.0,99.0,,14569.0,133078.0,15.0,,,,,1.0433863030085013,,10.94771487398368,,
201424,2014-06-08,49745.0,4974104.0,2648.0,42255.0,,,21142.0,116.0,,12627.0,123306.0,23.0,,,,,1.00007961232817,,10.240377597197217,,
201425,2014-06-15,47049.0,4777651.0,2622.0,42112.0,,,19865.0,106.0,,12555.0,125728.0,18.0,,,,,0.9847726424554661,,9.985842453550521,,
201426,2014-06-22,45218.0,4676953.0,2731.0,41559.0,,,18604.0,103.0,,12007.0,124621.0,15.0,,,,,0.9668260510635878,,9.634812752264867,,
201427,2014-06-29,44334.0,4728431.0,2609.0,42645.0,,,18293.0,101.0,,11740.0,123880.0,13.0,,,,,0.9376048841571337,,9.476913141750082,,
201428,2014-07-06,43567.0,4690976.0,2765.0,43684.0,,,17670.0,90.0,,11561.0,122903.0,14.0,,,,,0.9287406288158371,,9.406605208985948,,
201429,2014-07-13,42322.0,4574003.0,2665.0,43501.0,,,17143.0,100.0,,11095.0,122259.0,19.0,,,,,0.9252726769090445,,9.0749965237733,,
201430,2014-07-20,39564.0,4213205.0,2511.0,42292.0,,,16057.0,77.0,,10854.0,118685.0,12.0,,,,,0.9390475896615522,,9.145216328937945,,
201431,2014-07-27,39244.0,4525607.0,2408.0,40193.0,,,15218.0,64.0,,9822.0,113116.0,10.0,,,,,0.8671543949795022,,8.68312175112274,,
201432,2014-08-03,38955.0,4496495.0,2366.0,39658.0,,,15599.0,55.0,,9530.0,114754.0,4.0,,,,,0.8663414503963642,,8.304721404046917,,
201433,2014-08-10,40511.0,4518406.0,2258.0,39878.0,,,16419.0,40.0,,9440.0,114603.0,3.0,,,,,0.8965772442759681,,8.237131663219985,,
201434,2014-08-17,41163.0,4643047.0,2219.0,39406.0,,,16562.0,46.0,,9675.0,115457.0,4.0,,,,,0.8865514391734566,,8.379743107823693,,
201435,2014-08-24,41303.0,4658341.0,2287.0,42658.0,,,16832.0,45.0,,9977.0,117590.0,2.0,,,,,0.8866461257344621,,8.484565014031805,,
201436,2014-08-31,42578.0,4852126.0,2238.0,39990.0,,,17088.0,37.0,,9832.0,118186.0,8.0,,,,,0.8775122492697016,,8.319090247575854,,
201437,2014-09-07,40657.0,4461051.0,2175.0,39141.0,,,17296.0,44.0,,11854.0,132193.0,8.0,,,,,0.9113771620185468,,8.967191908800013,,
201438,2014-09-14,43732.0,4875738.0,2272.0,42254.0,,,18173.0,48.0,,10464.0,123442.0,6.0,,,,,0.8969308851295947,,8.47685552729217,,
201439,2014-09-21,43347.0,4769847.0,2145.0,39590.0,,,18273.0,43.0,,10043.0,115452.0,3.0,,,,,0.9087712876324964,,8.698853203062745,,
201440,2014-09-28,46480.0,5064071.0,2037.0,38288.0,,,20281.0,40.0,,10126.0,116328.0,2.0,,,,,0.9178386321992721,,8.70469706347569,,
201441,2014-10-05,46230.0,4691072.0,2037.0,37803.0,,,20735.0,31.0,,10255.0,116692.0,1.0,,,,,0.9854890310786106,,8.788091728653207,,
201442,2014-10-12,48770.0,5140854.0,2064.0,42326.0,,,21876.0,28.0,,9545.0,112638.0,2.0,,,,,0.9486750644931756,,8.474049610255864,,
201443,2014-10-19,45552.0,4837423.0,2124.0,40334.0,,,19289.0,38.0,,9185.0,114002.0,1.0,,,,,0.9416583995238788,,8.056876195154471,,
201444,2014-10-26,44210.0,4796589.0,2085.0,40463.0,,,18306.0,26.0,,8559.0,112786.0,1.0,,,,,0.9216966473466874,,7.588707818346249,,
201445,2014-11-02,43694.0,4757452.0,1761.0,39549.0,,,18579.0,20.0,,8523.0,107540.0,1.0,,,,,0.9184328081502451,,7.925423098381997,,
201446,2014-11-09,39509.0,4151899.0,1748.0,37297.0,,,16188.0,20.0,,8542.0,107473.0,0.0,,,,,0.9515886585873115,,7.948042764229156,,
201447,2014-11-16,45970.0,4745522.0,1892.0,39423.0,,,19460.0,23.0,,8688.0,107473.0,1.0,,,,,0.968702705413651,,8.083890837698771,,
201448,2014-11-23,47180.0,4790437.0,2035.0,39016.0,,,19762.0,21.0,,8864.0,110727.0,2.0,,,,,0.9848788325574472,,8.005274233023563,,
201449,2014-11-30,46647.0,4707494.0,1872.0,39336.0,,,19781.0,21.0,,8369.0,103854.0,0.0,,,,,0.9909093883072395,,8.058428178019142,,
201450,2014-12-07,50107.0,4856922.0,1939.0,39578.0,,,21709.0,36.0,,8897.0,103820.0,0.0,,,,,1.0316616161428986,,8.569639761125025,,
201451,2014-12-14,44056.0,4155257.0,1747.0,35381.0,,,19481.0,35.0,,9276.0,104419.0,2.0,,,,,1.060247296376614,,8.883440753119643,,
201452,2014-12-21,45986.0,4083043.0,1836.0,33521.0,,,20540.0,27.0,,10097.0,107885.0,2.0,,,,,1.1262678350436182,,9.359039718218474,,
201453,2014-12-28,55778.0,4564463.0,2110.0,34050.0,,,25921.0,62.0,,12319.0,119835.0,1.0,,,,,1.2220057430633133,,10.279968289731714,,
201501,2015-01-04,65685.0,5414035.0,2520.0,41795.0,,,31867.0,107.0,,11982.0,118418.0,9.0,,,,,1.2132355996959754,,10.118394163049537,,
201502,2015-01-11,64949.0,5171328.0,2487.0,40404.0,,,31823.0,133.0,,11711.0,117553.0,8.0,206.0,50.0,0.0,2216.0,1.2559443144971658,,9.962314870739156,11.552346570397113,0.8046875
201503,2015-01-18,67726.0,5161853.0,2499.0,40372.0,,,34516.0,169.0,,12095.0,119351.0,10.0,291.0,38.0,1.0,2497.0,1.3120482121439723,,10.13397457918241,13.215859030837004,0.8818181818181818
201504,2015-01-25,70411.0,5072491.0,2636.0,40704.0,,,37799.0,214.0,,12815.0,124122.0,14.0,417.0,63.0,1.0,3015.0,1.3880951193407736,,10.324519424437247,15.953565505804312,0.8669438669438669
201505,2015-02-01,72088.0,5190403.0,2665.0,40407.0,,,38781.0,251.0,,12843.0,122779.0,21.0,446.0,70.0,2.0,3391.0,1.3888709605015257,,10.460257861686445,15.275729873193749,0.861003861003861
201506,2015-02-08,76496.0,5636073.0,2648.0,38823.0,,,41707.0,236.0,,12840.0,124722.0,24.0,398.0,86.0,3.0,3325.0,1.3572570830789452,,10.294895848366767,14.646616541353383,0.8172484599589322
201507,2015-02-15,47673.0,3055291.0,2391.0,20725.0,,,26461.0,206.0,,28173.0,194253.0,21.0,521.0,99.0,2.0,4425.0,1.560342370006654,,14.503250915043782,14.056497175141242,0.837620578778135
201508,2015-02-22,67457.0,4736237.0,2874.0,41529.0,,,36725.0,227.0,,17325.0,152593.0,17.0,415.0,101.0,0.0,3521.0,1.4242741653342095,,11.353731822560668,14.654927577392787,0.8042635658914729
201509,2015-03-01,65980.0,5209384.0,2631.0,41325.0,,,35421.0,252.0,,13106.0,126807.0,28.0,332.0,99.0,2.0,3387.0,1.2665604992836006,,10.335391579329217,12.784174785946265,0.766743648960739
201510,2015-03-08,66755.0,5123687.0,2557.0,40664.0,,,35104.0,242.0,,12827.0,121084.0,18.0,378.0,101.0,1.0,3007.0,1.3028703744003098,,10.593472300221334,15.962753574991686,0.7875
201511,2015-03-15,71270.0,5213422.0,2998.0,41658.0,,,38415.0,337.0,,14834.0,129357.0,36.0,442.0,111.0,1.0,3481.0,1.3670483609421988,,11.467489196564546,15.91496696351623,0.7978339350180506
201512,2015-03-22,74178.0,5105994.0,2874.0,40889.0,,,38862.0,306.0,,14277.0,119128.0,41.0,460.0,117.0,2.0,3434.0,1.4527631642340355,,11.984588006178228,16.860803727431566,0.7944732297063903
201513,2015-03-29,73262.0,5033435.0,3212.0,39362.0,,,38674.0,291.0,,16384.0,129539.0,24.0,476.0,165.0,2.0,3388.0,1.455507024526988,,12.64792842310038,18.97874852420307,0.7402799377916018
201514,2015-04-05,72626.0,5128533.0,3040.0,40629.0,,,37109.0,296.0,,15448.0,123513.0,23.0,497.0,170.0,0.0,4143.0,1.416116460594092,,12.50718547845166,16.099444846729423,0.7451274362818591
201515,2015-04-12,60877.0,4342191.0,2460.0,33377.0,,,31420.0,217.0,,14354.0,119486.0,29.0,460.0,146.0,0.0,5052.0,1.4019880746839557,,12.013122876320239,11.995249406175772,0.759075907590759
201516,2015-04-19,70490.0,4999898.0,3115.0,41526.0,,,35086.0,317.0,,14533.0,122032.0,21.0,523.0,196.0,2.0,5355.0,1.4098287605067144,,11.909171364887898,13.4640522875817,0.7253814147018031
201517,2015-04-26,67734.0,4993642.0,3094.0,40157.0,,,32699.0,309.0,,14457.0,124511.0,27.0,457.0,220.0,4.0,5082.0,1.3564048043492105,,11.611022319313154,13.400236127508855,0.671071953010279
201518,2015-05-03,61768.0,4958843.0,3018.0,41589.0,,,27887.0,232.0,,13326.0,122697.0,21.0,378.0,210.0,10.0,4798.0,1.245613140000601,,10.860901244529206,12.463526469362234,0.6321070234113713
201519,2015-05-10,60807.0,4818323.0,3061.0,41650.0,,,27450.0,222.0,,14508.0,126356.0,31.0,483.0,221.0,11.0,5685.0,1.261995096634244,,11.481844946025515,12.576956904133684,0.6755244755244755
201520,2015-05-17,59794.0,4678205.0,3069.0,41494.0,,,26276.0,269.0,,14051.0,124850.0,30.0,419.0,202.0,10.0,5531.0,1.2781397993461168,,11.254305166199439,11.40842523955885,0.6640253565768621
201521,2015-05-24,59038.0,4702155.0,3063.0,40271.0,,,26621.0,290.0,,14104.0,123239.0,29.0,488.0,180.0,15.0,5277.0,1.2555519756367028,,11.444429117406015,12.942960015160129,0.7144948755490483
201522,2015-05-31,65450.0,5064388.0,3341.0,41445.0,,,30927.0,373.0,,16317.0,134940.0,43.0,855.0,287.0,20.0,7772.0,1.2923575365868492,,12.092040907069808,14.951106536284097,0.7358003442340791
201523,2015-06-07,65899.0,4983267.0,3410.0,42251.0,,,31795.0,373.0,,16670.0,136155.0,54.0,1033.0,301.0,16.0,9101.0,1.322405562455313,,12.243399067239544,14.833534776398198,0.7651851851851852
201524,2015-06-14,59467.0,4461839.0,3251.0,39161.0,,,28518.0,321.0,,16775.0,139151.0,44.0,1019.0,295.0,20.0,8910.0,1.332791254906329,,12.055249333457898,14.971941638608305,0.7638680659670165
201525,2015-06-21,57766.0,4781676.0,3171.0,42690.0,,,26868.0,292.0,,15159.0,134251.0,34.0,823.0,234.0,17.0,8489.0,1.208070141096971,,11.291536003456212,12.651666862999175,0.7662942271880819
201526,2015-06-28,52353.0,4695948.0,2922.0,42116.0,,,22692.0,259.0,,12462.0,123562.0,27.0,588.0,197.0,17.0,6618.0,1.1148547641498585,,10.085625030349137,12.118464792988819,0.7331670822942643
201527,2015-07-05,48876.0,4422444.0,2754.0,41855.0,,,21168.0,210.0,,11325.0,119723.0,19.0,442.0,122.0,9.0,5559.0,1.1051807552565958,,9.459335298981816,10.307609282245009,0.7713787085514834
201528,2015-07-12,46642.0,4630589.0,2593.0,42152.0,,,19399.0,194.0,,10653.0,120342.0,22.0,400.0,110.0,3.0,5466.0,1.0072584718704252,,8.85227102757142,9.385290889132822,0.7797270955165692
201529,2015-07-19,44946.0,4560273.0,2460.0,41789.0,,,18186.0,131.0,,9826.0,117212.0,7.0,289.0,76.0,2.0,4573.0,0.9855988884875971,,8.383100706412312,8.025366280341133,0.7874659400544959
201530,2015-07-26,42800.0,4485093.0,2509.0,41182.0,,,17028.0,116.0,,9705.0,118872.0,14.0,296.0,84.0,1.0,4865.0,0.9542722971407728,,8.164243892590349,7.831449126413156,0.7769028871391076
201531,2015-08-02,38550.0,4086890.0,2312.0,41406.0,,,15236.0,85.0,,9898.0,119306.0,9.0,214.0,72.0,1.0,4097.0,0.9432600339133179,,8.29631368078722,7.005125701732975,0.7456445993031359
201532,2015-08-09,42197.0,4650228.0,2366.0,42621.0,,,16260.0,73.0,,9167.0,122037.0,6.0,183.0,51.0,1.0,3760.0,0.9074178728440842,,7.511656300957906,6.25,0.7787234042553192
201533,2015-08-16,41537.0,4577917.0,2338.0,39978.0,,,16184.0,61.0,,8871.0,116890.0,4.0,158.0,49.0,4.0,3690.0,0.907334056078343,,7.589186414577808,5.718157181571816,0.7488151658767772
201534,2015-08-23,40919.0,4366363.0,2149.0,37698.0,,,15577.0,78.0,,8602.0,112761.0,12.0,180.0,54.0,2.0,4039.0,0.9371415065582042,,7.628524046434494,5.843030453082446,0.7627118644067796
201535,2015-08-30,36403.0,3953112.0,1967.0,32479.0,,,14289.0,74.0,,9207.0,115338.0,8.0,175.0,53.0,0.0,4126.0,0.9208694314757588,,7.982624980492119,5.525933107125545,0.7675438596491229
201536,2015-09-06,47555.0,4906788.0,2526.0,39422.0,,,19121.0,83.0,,10368.0,121721.0,8.0,198.0,71.0,0.0,4728.0,0.9691676102574638,,8.517839978311056,5.689509306260575,0.7360594795539034
201537,2015-09-13,49287.0,4998459.0,2527.0,43551.0,,,18924.0,55.0,,10642.0,124144.0,3.0,100.0,51.0,1.0,4221.0,0.9860438987295884,,8.572303131846887,3.601042407012556,0.6578947368421053
201538,2015-09-20,49427.0,5010026.0,2466.0,42038.0,,,18814.0,48.0,,10401.0,125530.0,1.0,108.0,48.0,0.0,4020.0,0.9865617463861465,,8.28566876443878,3.8805970149253732,0.6923076923076923
201539,2015-09-27,43392.0,4480864.0,2280.0,40898.0,,,17015.0,35.0,,11079.0,134713.0,4.0,100.0,61.0,0.0,3979.0,0.968384668671042,,8.224150601649432,4.046242774566474,0.6211180124223602
201540,2015-10-04,44539.0,4749424.0,2183.0,40612.0,,,17561.0,40.0,,10039.0,125065.0,0.0,85.0,49.0,0.0,3982.0,0.9377768756800825,,8.027025946507816,3.365143144148669,0.6343283582089553
201541,2015-10-11,50200.0,5162967.0,2217.0,42500.0,,,20829.0,45.0,,9910.0,117571.0,1.0,88.0,36.0,1.0,4051.0,0.9723091392991665,,8.428949315732622,3.085657862256233,0.704
201542,2015-10-18,48011.0,4813101.0,2197.0,40849.0,,,19305.0,42.0,,9266.0,116025.0,1.0,73.0,46.0,0.0,3764.0,0.9975065970982118,,7.98620986856281,3.1615302869287993,0.6134453781512605
201543,2015-10-25,48531.0,4851163.0,2293.0,41303.0,,,19529.0,48.0,,9428.0,116612.0,3.0,110.0,46.0,0.0,4077.0,1.0003992856970587,,8.084931224916819,3.8263428991905815,0.7051282051282052
201544,2015-11-01,50140.0,5016115.0,2184.0,41576.0,,,20158.0,44.0,,9556.0,116894.0,4.0,94.0,40.0,0.0,4019.0,0.9995783589491071,,8.174927712286346,3.334162727046529,0.7014925373134329
201545,2015-11-08,50772.0,4937018.0,2238.0,42298.0,,,20592.0,37.0,,9797.0,118775.0,4.0,130.0,48.0,1.0,4115.0,1.0283940629748565,,8.248368764470637,4.3499392466585665,0.7262569832402235
201546,2015-11-15,51080.0,4862058.0,2303.0,42094.0,,,20455.0,61.0,,10279.0,122501.0,5.0,148.0,52.0,0.0,4250.0,1.0505839296857422,,8.390951910596648,4.705882352941177,0.74
201547,2015-11-22,52766.0,4925386.0,2151.0,41625.0,,,21881.0,48.0,,9944.0,115824.0,3.0,135.0,46.0,0.0,4339.0,1.0713068985862224,,8.585439977897499,4.1714680802028115,0.7458563535911602
201548,2015-11-29,53021.0,4917417.0,2265.0,40790.0,,,22258.0,61.0,,10195.0,114348.0,6.0,159.0,37.0,0.0,4091.0,1.0782286716786476,,8.915765907580369,4.791004644341237,0.8112244897959183
201549,2015-12-06,54716.0,4924279.0,2249.0,41032.0,,,22873.0,63.0,,9867.0,111884.0,3.0,150.0,60.0,0.0,4344.0,1.1111474390464067,,8.818955346608988,4.834254143646409,0.7142857142857143
201550,2015-12-13,56698.0,4934430.0,2257.0,41235.0,,,24067.0,118.0,,9992.0,111577.0,8.0,212.0,70.0,0.0,4274.0,1.149028357885308,,8.955250634091255,6.598034627983154,0.75177304964539
201551,2015-12-20,58715.0,4954922.0,2460.0,40989.0,,,25574.0,91.0,,10958.0,114510.0,11.0,291.0,77.0,0.0,5018.0,1.1849833357618949,,9.569469915291242,7.333599043443603,0.7907608695652174
201552,2015-12-27,69637.0,4288137.0,2167.0,34238.0,,,24787.0,126.0,,10942.0,105693.0,14.0,420.0,103.0,1.0,5670.0,1.6239453170456075,,10.352625055585516,9.241622574955908,0.8015267175572519
201601,2016-01-03,57875.0,4648190.0,1742.0,22722.0,3963.0,88724.0,27329.0,126.0,1257.0,11030.0,97552.0,30.0,571.0,153.0,0.0,6854.0,1.245108310976961,4.466660655515982,11.306790224700672,10.563174788444703,0.7886740331491713
201602,2016-01-10,63813.0,4551520.0,1878.0,25750.0,4801.0,94900.0,32120.0,202.0,1940.0,13512.0,114465.0,34.0,774.0,205.0,0.0,6983.0,1.402015150982529,5.059009483667018,11.804481719302844,14.019762279822427,0.7906026557711952
201603,2016-01-17,74752.0,4648967.0,2021.0,28096.0,5991.0,97136.0,40647.0,252.0,2711.0,15483.0,119689.0,67.0,1073.0,333.0,3.0,8483.0,1.6079270943416033,6.167641245264371,12.936025867038742,16.609689968171637,0.7615330021291696
201604,2016-01-24,89150.0,4929722.0,2367.0,29532.0,7555.0,107673.0,52224.0,341.0,3544.0,17676.0,124402.0,83.0,1478.0,454.0,2.0,10318.0,1.8084184057437722,7.016615121711107,14.208774778540539,18.74394262453964,0.7642192347466391
201605,2016-01-31,124282.0,6169206.0,2698.0,25133.0,10581.0,118266.0,76435.0,470.0,5950.0,22603.0,135512.0,155.0,2417.0,634.0,1.0,14581.0,2.0145542230231896,8.94678098523667,16.679703642481847,20.931349015842535,0.7919397116644823
201606,2016-02-07,67817.0,2001366.0,3171.0,18543.0,25079.0,223463.0,44500.0,608.0,16922.0,62975.0,241687.0,214.0,4388.0,1265.0,13.0,22867.0,3.3885356301645975,11.222887010377557,26.056428355683178,24.778064459701753,0.7744440522414402
201607,2016-02-14,149466.0,5816028.0,3542.0,35005.0,17616.0,137454.0,102446.0,790.0,12128.0,33681.0,155787.0,311.0,4073.0,1057.0,19.0,22292.0,2.569898219197019,12.81592387271378,21.619904099828613,23.097972366768346,0.7910273839580501
201608,2016-02-21,164126.0,5554205.0,3474.0,31727.0,18229.0,129517.0,116720.0,841.0,12759.0,34679.0,151461.0,305.0,4109.0,1513.0,29.0,25820.0,2.954986357183431,14.074600245527614,22.896323145892342,21.886134779240898,0.7271279419571757
201609,2016-02-28,158513.0,5623079.0,3184.0,28458.0,17454.0,126849.0,112292.0,715.0,12145.0,34662.0,154377.0,246.0,2950.0,1755.0,22.0,24636.0,2.8189715990118582,13.759667005652389,22.452826522085545,19.187368079233643,0.6240744658345674
201610,2016-03-06,144830.0,5213619.0,3310.0,30646.0,15706.0,119630.0,99044.0,690.0,10801.0,31585.0,145112.0,132.0,1765.0,1823.0,7.0,23548.0,2.777916836654155,13.128813842681602,21.765946303544847,15.266689315440802,0.4909596662030598
201611,2016-03-13,139699.0,5220802.0,3020.0,31336.0,14019.0,114519.0,95367.0,667.0,9592.0,29227.0,140713.0,77.0,1011.0,1736.0,7.0,20244.0,2.6758149418422685,12.241636758965761,20.77064663534997,13.604030823947836,0.3671023965141612
201612,2016-03-20,113693.0,4582331.0,2661.0,28402.0,9196.0,88890.0,77094.0,492.0,5928.0,24260.0,131731.0,49.0,586.0,1439.0,8.0,16392.0,2.4811171432181567,10.345370682866465,18.416318102800403,12.40239141044412,0.2882439744220364
201613,2016-03-27,120129.0,5378256.0,2948.0,31475.0,9674.0,103931.0,78065.0,462.0,5369.0,23651.0,140863.0,31.0,341.0,1377.0,3.0,15154.0,2.233605094290789,9.308098642368494,16.790072623754995,11.356737495050812,0.19814061592097618
201614,2016-04-03,92307.0,4499236.0,2788.0,27642.0,10552.0,129845.0,55671.0,343.0,5391.0,24629.0,154596.0,18.0,227.0,1058.0,0.0,12542.0,2.0516149852997265,8.126612499518657,15.931201324743201,10.245574868442034,0.17665369649805449
201615,2016-04-10,82811.0,4929810.0,2575.0,32231.0,7762.0,109073.0,44686.0,249.0,3439.0,17467.0,125282.0,23.0,172.0,639.0,3.0,9986.0,1.6798010470991782,7.11633493165128,13.942146517456617,8.151411976767475,0.2113022113022113
201616,2016-04-17,76608.0,4886886.0,2543.0,32626.0,7402.0,111631.0,39507.0,191.0,3087.0,16398.0,125332.0,16.0,143.0,609.0,0.0,9393.0,1.567624045250902,6.630774605620303,13.08364982606198,8.005961886511232,0.1901595744680851
201617,2016-04-24,72454.0,4945788.0,2603.0,34827.0,6757.0,111250.0,35366.0,160.0,2417.0,15807.0,125315.0,11.0,140.0,485.0,2.0,8754.0,1.4649637226666408,6.073707865168539,12.613813190759286,7.1624400274160385,0.22328548644338117
201618,2016-05-01,59569.0,4714375.0,2460.0,31971.0,5799.0,108486.0,24901.0,123.0,1469.0,14926.0,125602.0,5.0,86.0,351.0,0.0,7591.0,1.2635609174068674,5.345390188595763,11.883568732981958,5.756817283625346,0.19679633867276888
201619,2016-05-08,55578.0,4778448.0,2492.0,33326.0,5267.0,110671.0,21548.0,106.0,1087.0,14084.0,124353.0,2.0,79.0,336.0,0.0,7371.0,1.163097306908017,4.759150997099511,11.325822457037626,5.630172296838963,0.19036144578313252
201620,2016-05-15,53569.0,4694631.0,2192.0,32751.0,4728.0,107327.0,19727.0,66.0,779.0,13536.0,121179.0,2.0,63.0,195.0,0.0,5955.0,1.1410694472046898,4.405228879964967,11.170252271433169,4.332493702770781,0.2441860465116279
201621,2016-05-22,49409.0,4605660.0,2262.0,33432.0,4612.0,106461.0,17115.0,60.0,654.0,12680.0,121669.0,3.0,40.0,143.0,0.0,5368.0,1.0727886991223843,4.332102835780239,10.421717939655952,3.409090909090909,0.2185792349726776
201622,2016-05-29,45060.0,4538749.0,2243.0,34038.0,4813.0,115142.0,15139.0,52.0,632.0,12461.0,128270.0,2.0,43.0,141.0,0.0,6134.0,0.9927845756617076,4.180055930937451,9.714664379823809,2.9996739484838604,0.23369565217391305
201623,2016-06-05,40323.0,3994082.0,1984.0,29418.0,4714.0,118533.0,13295.0,32.0,601.0,13504.0,131033.0,2.0,33.0,101.0,0.0,9635.0,1.0095686568277766,3.9769515662305013,10.305800828798851,1.3907628437986508,0.2462686567164179
201624,2016-06-12,43264.0,4597485.0,2068.0,35855.0,4231.0,112033.0,14074.0,28.0,452.0,11615.0,122589.0,1.0,36.0,90.0,0.0,6622.0,0.9410362404662549,3.7765658332812655,9.474748957899974,1.9027484143763214,0.2857142857142857
201625,2016-06-19,41450.0,4569588.0,2099.0,35447.0,4315.0,113983.0,13505.0,35.0,466.0,11560.0,124961.0,4.0,33.0,88.0,0.0,6554.0,0.9070839646812798,3.785652246387619,9.250886276518274,1.8462007934086053,0.2727272727272727
201626,2016-06-26,39683.0,4447351.0,2093.0,35698.0,4236.0,112349.0,12874.0,31.0,374.0,11275.0,124589.0,1.0,39.0,54.0,0.0,4317.0,0.8922839685916403,3.770394040000356,9.049755596400967,2.1542738012508686,0.41935483870967744
201627,2016-07-03,37057.0,3990792.0,1977.0,32933.0,3946.0,110734.0,12247.0,28.0,335.0,11776.0,125291.0,4.0,43.0,54.0,0.0,4237.0,0.9285625509923845,3.563494500334134,9.39891931583274,2.2893556761859806,0.44329896907216493
201628,2016-07-10,38742.0,4511092.0,1884.0,34454.0,3665.0,107195.0,12175.0,21.0,251.0,10474.0,121599.0,1.0,45.0,48.0,0.0,3845.0,0.8588164462174569,3.4190027519940296,8.61355767728353,2.418725617685306,0.4838709677419355
201629,2016-07-17,38276.0,4435745.0,1963.0,33908.0,3665.0,106572.0,12309.0,26.0,311.0,10177.0,120726.0,3.0,47.0,34.0,0.0,3555.0,0.8628990169633286,3.438989603272905,8.429832844623363,2.278481012658228,0.5802469135802469
201630,2016-07-24,38181.0,4319041.0,1858.0,34561.0,3660.0,106591.0,12779.0,22.0,236.0,10346.0,121024.0,1.0,51.0,30.0,0.0,3577.0,0.8840156877417927,3.433685770843692,8.548717609730302,2.2644674308079398,0.6296296296296297
201631,2016-07-31,38886.0,4469968.0,1863.0,33604.0,3573.0,105049.0,12859.0,23.0,276.0,9910.0,117052.0,4.0,47.0,28.0,0.0,3344.0,0.8699391136580844,3.4012698835781396,8.466322660014352,2.242822966507177,0.6266666666666667
201632,2016-08-07,39695.0,4410038.0,1856.0,32743.0,3457.0,102719.0,13043.0,41.0,260.0,9812.0,115065.0,1.0,54.0,25.0,0.0,3662.0,0.900105622672639,3.365492265306321,8.527354104201972,2.1572910977607864,0.6835443037974683
201633,2016-08-14,39338.0,4427092.0,1867.0,32262.0,3463.0,103588.0,13134.0,25.0,232.0,10030.0,117565.0,3.0,71.0,25.0,0.0,3531.0,0.8885742604852124,3.343051318685562,8.53145068685408,2.7187765505522514,0.7395833333333334
201634,2016-08-21,40225.0,4551633.0,1918.0,33225.0,3758.0,105615.0,13501.0,15.0,263.0,10460.0,120061.0,1.0,88.0,24.0,0.0,3968.0,0.8837487556663729,3.5582066941248875,8.71223794571093,2.8225806451612905,0.7857142857142857
201635,2016-08-28,41086.0,4543493.0,1875.0,33780.0,3503.0,103236.0,13694.0,30.0,268.0,10300.0,117087.0,2.0,83.0,12.0,0.0,3719.0,0.9042822339552411,3.393196171878027,8.796877535507784,2.554450121000269,0.8736842105263158
201636,2016-09-04,40266.0,4541555.0,1823.0,34996.0,3474.0,103577.0,13121.0,36.0,299.0,9924.0,116732.0,3.0,90.0,18.0,0.0,4181.0,0.8866126249709626,3.3540264730586906,8.50152486036391,2.5831140875388665,0.8333333333333334
201637,2016-09-11,38127.0,3879962.0,1727.0,28185.0,4020.0,118784.0,12929.0,32.0,445.0,12300.0,131715.0,6.0,120.0,26.0,0.0,4491.0,0.9826642632067015,3.3842941810344827,9.33834415214668,3.2509463371186818,0.821917808219178
201638,2016-09-18,45697.0,5079536.0,1957.0,36546.0,3829.0,112019.0,15982.0,27.0,361.0,11360.0,125953.0,3.0,128.0,29.0,0.0,5025.0,0.8996294149701862,3.4181701318526323,9.019237334561305,3.1243781094527363,0.8152866242038217
201639,2016-09-25,38120.0,4041108.0,1966.0,33246.0,3873.0,114488.0,13160.0,39.0,483.0,11712.0,128415.0,6.0,183.0,26.0,0.0,5000.0,0.9433056478569739,3.382887289497589,9.120429856325195,4.18,0.8755980861244019
201640,2016-10-02,42618.0,4915769.0,1872.0,33584.0,3615.0,104599.0,15309.0,41.0,546.0,10118.0,119005.0,3.0,235.0,28.0,0.0,6141.0,0.8669650669101823,3.456055985238865,8.502163774631319,4.282690115616349,0.8935361216730038
201641,2016-10-09,42281.0,4475135.0,1828.0,31341.0,4063.0,110102.0,16311.0,65.0,748.0,11730.0,124671.0,7.0,328.0,38.0,0.0,6179.0,0.9447983133469716,3.6902145283464423,9.408763866496619,5.923288558019097,0.8961748633879781
201642,2016-10-16,46287.0,4813297.0,1995.0,34555.0,4417.0,106563.0,18079.0,98.0,962.0,11482.0,123095.0,14.0,514.0,34.0,0.0,8138.0,0.9616485332195375,4.144965888723103,9.327754985986433,6.733841238633571,0.9379562043795621
201643,2016-10-23,49319.0,4811165.0,2139.0,34338.0,5011.0,108094.0,20605.0,157.0,1492.0,12665.0,124430.0,19.0,853.0,48.0,2.0,9966.0,1.0250947535576103,4.635779969285992,10.178413565860323,9.060806742925948,0.9446290143964563
201644,2016-10-30,54899.0,4932472.0,2074.0,33241.0,5210.0,103535.0,24352.0,161.0,1699.0,12982.0,118348.0,20.0,1027.0,41.0,1.0,10911.0,1.1130118934278797,5.032114743806442,10.969344644607428,9.79745211254697,0.960710944808232
201645,2016-11-06,54323.0,4804756.0,2012.0,32974.0,5122.0,100809.0,24621.0,138.0,1533.0,12940.0,118334.0,32.0,954.0,56.0,0.0,11021.0,1.1306089216601218,5.080895554960371,10.93514966112867,9.164322656746211,0.9445544554455445
201646,2016-11-13,55567.0,4882965.0,2285.0,34603.0,5531.0,104710.0,24629.0,147.0,1683.0,13091.0,121874.0,21.0,917.0,58.0,0.0,11312.0,1.1379766187142444,5.282208003056059,10.741421468073584,8.61916548797737,0.9405128205128205
201647,2016-11-20,53424.0,4653734.0,2057.0,33953.0,4866.0,97637.0,23733.0,168.0,1554.0,11903.0,114931.0,25.0,947.0,63.0,2.0,10660.0,1.1479813844108837,4.983766400032774,10.356648771871818,9.49343339587242,0.9357707509881423
201648,2016-11-27,55618.0,4833707.0,2104.0,34372.0,4863.0,95186.0,25194.0,147.0,1579.0,11737.0,109178.0,18.0,801.0,42.0,3.0,10367.0,1.1506282859097583,5.108944592692203,10.750334316437378,8.160509308382368,0.9468085106382979
201649,2016-12-04,57492.0,4834731.0,2157.0,34444.0,5207.0,99309.0,26424.0,130.0,1719.0,12230.0,115304.0,24.0,845.0,38.0,1.0,11083.0,1.1891457870148308,5.243230724304947,10.60674391174634,7.976179734728864,0.9558823529411765
201650,2016-12-11,58958.0,4820722.0,2072.0,33794.0,5028.0,97897.0,27291.0,133.0,1691.0,12237.0,113507.0,8.0,778.0,51.0,1.0,10990.0,1.2230118227103741,5.136010296536155,10.780832900173557,7.552320291173794,0.9373493975903614
201651,2016-12-18,59216.0,4808387.0,2206.0,33867.0,5274.0,100225.0,27378.0,143.0,1614.0,12512.0,116930.0,12.0,709.0,52.0,0.0,10289.0,1.2315148510300855,5.262160139685707,10.700419054134953,7.396248420643405,0.9316688567674113
201652,2016-12-25,59418.0,4826377.0,2061.0,33316.0,4761.0,98448.0,26999.0,141.0,1368.0,12130.0,113473.0,12.0,633.0,62.0,1.0,9662.0,1.2311097951942005,4.836055582642613,10.689767609916014,7.203477540881805,0.9094827586206896
201701,2017-01-01,57400.0,4690563.0,2023.0,31815.0,5236.0,104088.0,26450.0,143.0,1573.0,13102.0,121801.0,19.0,675.0,55.0,1.0,9785.0,1.2237336967865051,5.030358927061717,10.756890337517754,7.470618293306081,0.9233926128590971
201702,2017-01-08,57852.0,4785719.0,1997.0,32972.0,4628.0,97273.0,26230.0,135.0,1408.0,11767.0,114147.0,7.0,611.0,60.0,0.0,9162.0,1.2088465703899456,4.757743669877561,10.308637108290187,7.323728443571273,0.910581222056632
201703,2017-01-15,59798.0,5023754.0,1946.0,32114.0,4575.0,94637.0,26840.0,97.0,1295.0,11335.0,110961.0,10.0,576.0,55.0,0.0,9001.0,1.1903050985378663,4.834261441085411,10.215300871477366,7.010332185312743,0.9128367670364501
201704,2017-01-22,57726.0,4621111.0,1740.0,20937.0,5823.0,116622.0,26551.0,101.0,1830.0,16802.0,134462.0,6.0,725.0,70.0,0.0,9902.0,1.2491801214037057,4.993054483716623,12.495723698888906,8.028681074530398,0.9119496855345912
201705,2017-01-29,44966.0,3214352.0,2166.0,25919.0,7219.0,137364.0,19679.0,120.0,2254.0,22322.0,154662.0,15.0,706.0,80.0,0.0,10860.0,1.3989133735197639,5.255379866631723,14.432763057506046,7.237569060773481,0.8982188295165394
201706,2017-02-05,56281.0,4906703.0,1973.0,35060.0,4227.0,93193.0,24532.0,104.0,1019.0,11712.0,112816.0,13.0,482.0,60.0,2.0,8888.0,1.147022756421165,4.535748393119655,10.381506169337683,6.120612061206121,0.8860294117647058
201707,2017-02-12,55713.0,4884996.0,2068.0,35245.0,4473.0,98806.0,24197.0,101.0,1005.0,11564.0,117655.0,12.0,449.0,82.0,2.0,9187.0,1.1404922337705088,4.52705301297492,9.82873656028218,5.801676281702406,0.8424015009380863
201708,2017-02-19,55415.0,4857464.0,2041.0,35571.0,4394.0,98695.0,22728.0,117.0,951.0,11097.0,114717.0,11.0,418.0,87.0,0.0,8712.0,1.1408216303816148,4.452099903743857,9.673370119511494,5.796602387511478,0.8277227722772277
201709,2017-02-26,51914.0,4533934.0,1938.0,31913.0,4444.0,100742.0,22131.0,85.0,960.0,11684.0,117006.0,11.0,428.0,92.0,0.0,8298.0,1.1450100508741414,4.411268388556908,9.985812693366151,6.266570257893468,0.823076923076923
201710,2017-03-05,53834.0,4894339.0,2053.0,34504.0,4382.0,96686.0,21827.0,87.0,979.0,10819.0,113367.0,12.0,407.0,73.0,0.0,8119.0,1.0999238099363366,4.532197008874087,9.543341536778781,5.91205813523833,0.8479166666666667
201711,2017-03-12,56257.0,4917957.0,2219.0,33950.0,4572.0,98011.0,23027.0,110.0,994.0,11208.0,114672.0,6.0,464.0,113.0,0.0,8457.0,1.143909960985832,4.664782524410525,9.77396400167434,6.822750384297032,0.804159445407279
201712,2017-03-19,57772.0,4961302.0,2255.0,34190.0,4912.0,97624.0,23895.0,136.0,1228.0,11452.0,113919.0,12.0,599.0,143.0,0.0,8974.0,1.1644523957622415,5.031549618946161,10.052756783328505,8.268330733229329,0.807277628032345
201713,2017-03-26,60845.0,4952304.0,2300.0,34478.0,5070.0,97325.0,25193.0,121.0,1177.0,11606.0,111723.0,13.0,489.0,139.0,1.0,8826.0,1.2286200524038913,5.2093501155920885,10.388192225414642,7.126671198731022,0.7774244833068362
201714,2017-04-02,55026.0,4549085.0,2304.0,29659.0,5683.0,110040.0,21474.0,122.0,1300.0,14451.0,126779.0,11.0,499.0,154.0,0.0,9157.0,1.209605887777432,5.1644856415848786,11.39857547385608,7.131156492300972,0.7641653905053599
201715,2017-04-09,54494.0,4908880.0,2456.0,35574.0,4895.0,99635.0,20187.0,118.0,1039.0,11515.0,116457.0,6.0,544.0,160.0,0.0,9200.0,1.1101106566059875,4.9129322025392685,9.887769734751883,7.6521739130434785,0.7727272727272727
201716,2017-04-16,52451.0,4685231.0,2353.0,34576.0,4968.0,98201.0,20328.0,165.0,1235.0,11497.0,113734.0,13.0,725.0,209.0,2.0,9431.0,1.1194965627095015,5.059011619026283,10.108674626760687,9.924716360937333,0.7745726495726496
201717,2017-04-23,55350.0,4674850.0,2349.0,34402.0,5179.0,96142.0,22610.0,172.0,1407.0,11793.0,111712.0,17.0,736.0,214.0,1.0,9456.0,1.1839952084024086,5.386823656674502,10.556609853910054,10.057106598984772,0.7739221871713985
201718,2017-04-30,58113.0,4846074.0,2528.0,34990.0,6060.0,105447.0,23713.0,193.0,1635.0,13352.0,119985.0,23.0,827.0,208.0,0.0,10231.0,1.199176900724174,5.746962929244075,11.128057673875901,10.116313165868439,0.7990338164251207
201719,2017-05-07,57920.0,4776335.0,2458.0,35657.0,6124.0,105832.0,24664.0,189.0,1894.0,12888.0,120169.0,22.0,1058.0,206.0,1.0,10528.0,1.2126452604350406,5.7865295940736265,10.724895771788065,12.015577507598785,0.8363636363636363
201720,2017-05-14,60767.0,4722854.0,2448.0,35887.0,6448.0,104800.0,27131.0,249.0,2384.0,13056.0,118016.0,27.0,1372.0,217.0,1.0,11440.0,1.2866584484720467,6.152671755725191,11.062906724511931,13.898601398601398,0.8628930817610063
201721,2017-05-21,64235.0,4725060.0,2631.0,36223.0,7242.0,108652.0,31653.0,301.0,3140.0,13971.0,121102.0,30.0,1624.0,272.0,1.0,12711.0,1.359453636567578,6.665316791223355,11.53655596109065,14.924081504208953,0.8560885608856088
201722,2017-05-28,62931.0,4024980.0,2503.0,32087.0,8702.0,116765.0,34534.0,336.0,4303.0,15908.0,129954.0,54.0,1870.0,300.0,2.0,13939.0,1.5635108745881967,7.452575686207339,12.241254597780753,15.582179496377071,0.8609576427255985
201723,2017-06-04,74068.0,4814279.0,2608.0,35726.0,9126.0,113264.0,42975.0,392.0,4913.0,15521.0,129526.0,54.0,2263.0,341.0,4.0,15645.0,1.5385065967302685,8.057282101991806,11.982922347636768,16.669862575902844,0.8677147239263804
201724,2017-06-11,83127.0,4551529.0,2755.0,35928.0,10575.0,112291.0,52488.0,546.0,6438.0,17134.0,129052.0,80.0,2996.0,390.0,2.0,19089.0,1.826353297979646,9.417495614074147,13.276818646747047,17.74844151081775,0.8842975206611571
201725,2017-06-18,104786.0,4835149.0,3015.0,35968.0,13454.0,117166.0,72469.0,699.0,9212.0,20719.0,136191.0,84.0,4127.0,511.0,0.0,22887.0,2.1671720974886193,11.482853387501494,15.21319323597007,20.264779132258486,0.8898231996550238
201726,2017-06-25,111596.0,4699902.0,3218.0,37412.0,14965.0,121502.0,79880.0,773.0,10309.0,21772.0,140084.0,116.0,4345.0,479.0,3.0,23654.0,2.3744324881667747,12.31666968444964,15.542103309442906,20.40669654181111,0.9001450176092811
201727,2017-07-02,105021.0,4766200.0,3092.0,36457.0,13605.0,117367.0,73056.0,695.0,9139.0,20453.0,135751.0,120.0,4011.0,405.0,4.0,23002.0,2.2034534849565692,11.591844385559826,15.066555679147852,19.215720372141554,0.9074660633484163
201728,2017-07-09,101245.0,4707809.0,3068.0,36567.0,12643.0,115894.0,70157.0,678.0,8232.0,19509.0,134556.0,110.0,3871.0,423.0,2.0,24126.0,2.1505757773945375,10.909106597407977,14.498796040310355,17.80651579209152,0.9010707635009311
201729,2017-07-16,93614.0,4622943.0,2825.0,37042.0,11307.0,113548.0,63414.0,531.0,7106.0,17717.0,132351.0,74.0,3118.0,370.0,1.0,21711.0,2.024987113187422,9.957903265579315,13.386374111264743,16.070194832112755,0.8936658068214388
201730,2017-07-23,80573.0,4484381.0,2731.0,36275.0,9563.0,109873.0,51304.0,425.0,5633.0,15779.0,127854.0,58.0,2469.0,273.0,1.0,19807.0,1.7967474217734845,8.703685163780001,12.34142068296651,13.848639369919725,0.9001093693036821
201731,2017-07-30,67089.0,4379439.0,2446.0,35545.0,8040.0,107678.0,39369.0,314.0,4287.0,14346.0,124634.0,44.0,1726.0,263.0,0.0,16621.0,1.5319085389704024,7.466706290978658,11.510502752058025,11.966789001865111,0.8677727501256913
201732,2017-08-06,62299.0,4527927.0,2361.0,35982.0,7121.0,108256.0,34976.0,258.0,3317.0,13007.0,126852.0,35.0,1367.0,240.0,2.0,15452.0,1.3758834892877028,6.577926396689329,10.253681455554505,10.412891535076366,0.8495960223741454
201733,2017-08-13,55024.0,4483037.0,2465.0,36754.0,6552.0,109252.0,27482.0,228.0,2604.0,12667.0,126655.0,35.0,1081.0,207.0,0.0,14080.0,1.2273822411012891,5.997144217039505,10.001184319608384,9.147727272727273,0.8392857142857143
201734,2017-08-20,49277.0,4387504.0,2240.0,34541.0,5404.0,105637.0,21563.0,165.0,1718.0,11709.0,123308.0,20.0,852.0,149.0,1.0,11650.0,1.1231214831940894,5.115631833543172,9.495734258928861,8.600858369098713,0.8502994011976048
201735,2017-08-27,48028.0,4469896.0,2132.0,34280.0,4833.0,102248.0,19333.0,112.0,1406.0,10785.0,119298.0,14.0,676.0,128.0,0.0,10536.0,1.074476900581132,4.726742821375479,9.040386259618769,7.6309794988610475,0.8407960199004975
201736,2017-09-03,47861.0,4601318.0,2157.0,33102.0,4849.0,103377.0,19010.0,137.0,1221.0,10989.0,119822.0,20.0,635.0,132.0,0.0,9781.0,1.0401584937185389,4.690598489025605,9.171103803975898,7.8417339740312855,0.8279009126466753
201737,2017-09-10,48756.0,4716636.0,2292.0,33465.0,4891.0,104886.0,19114.0,130.0,1109.0,11486.0,121583.0,11.0,526.0,141.0,0.0,9974.0,1.0337028339689558,4.663158095456019,9.447044405879112,6.687387206737518,0.7886056971514243
201738,2017-09-17,48614.0,4721416.0,2214.0,34681.0,4595.0,103861.0,17960.0,105.0,857.0,11032.0,121138.0,10.0,388.0,109.0,0.0,9288.0,1.0296487324988943,4.424182320601573,9.106968911489377,5.35099052540913,0.7806841046277666
201739,2017-09-24,45963.0,4680567.0,2116.0,36841.0,4345.0,107380.0,16546.0,64.0,760.0,10551.0,124157.0,9.0,333.0,102.0,1.0,9089.0,0.9819964119731648,4.046377351462097,8.49811126235331,4.797007371548025,0.7637614678899083
201740,2017-10-01,42680.0,4484338.0,1968.0,31940.0,3868.0,102346.0,15890.0,64.0,678.0,11185.0,127131.0,6.0,306.0,120.0,0.0,8936.0,0.9517569817440166,3.7793367596193304,8.798011499948872,4.767233661593554,0.7183098591549296
201741,2017-10-08,38902.0,4054731.0,1885.0,30710.0,3755.0,101599.0,14999.0,40.0,607.0,11376.0,126767.0,4.0,258.0,131.0,0.0,9087.0,0.9594224623039111,3.695902518725578,8.973944323049373,4.280840761527457,0.6632390745501285
201742,2017-10-15,41741.0,4641345.0,1858.0,34641.0,3339.0,91449.0,16600.0,53.0,561.0,9897.0,117044.0,5.0,311.0,143.0,0.0,8581.0,0.8993298278839431,3.6512154315520124,8.455794402105191,5.290758652837664,0.6850220264317181
201743,2017-10-22,46393.0,4780103.0,1923.0,34663.0,3513.0,91640.0,18711.0,56.0,595.0,10289.0,114325.0,7.0,245.0,176.0,0.0,8830.0,0.9705439401619589,3.833478830205151,8.999781325169472,4.767836919592299,0.5819477434679335
201744,2017-10-29,47708.0,4848770.0,1987.0,34910.0,3729.0,92694.0,18232.0,51.0,538.0,10230.0,113037.0,10.0,204.0,172.0,0.0,8869.0,0.9839196332265708,4.022914104472782,9.050134026911543,4.239485849588454,0.5425531914893617
201745,2017-11-05,47862.0,4761894.0,2028.0,34820.0,3717.0,94562.0,18538.0,69.0,618.0,10385.0,115371.0,3.0,193.0,204.0,0.0,9030.0,1.0051042715356537,3.930754425667816,9.001395498002097,4.396456256921373,0.48614609571788414
201746,2017-11-12,47633.0,4660424.0,1950.0,34273.0,3698.0,93699.0,19112.0,67.0,630.0,10205.0,114303.0,2.0,123.0,258.0,0.0,8867.0,1.0220743863648458,3.946680327431456,8.928024636273763,4.29683094620503,0.3228346456692913
201747,2017-11-19,49248.0,4669581.0,1813.0,34095.0,3831.0,92807.0,20067.0,78.0,755.0,9888.0,107897.0,8.0,117.0,315.0,0.0,8556.0,1.0546556532588256,4.127921385240337,9.16429557819031,5.049088359046284,0.2708333333333333
201748,2017-11-26,51742.0,4801047.0,2021.0,35321.0,4347.0,97211.0,21979.0,104.0,906.0,10491.0,111869.0,10.0,151.0,384.0,0.0,9631.0,1.0777232549483478,4.4717161638086225,9.377933118200753,5.554978714567542,0.2822429906542056
201749,2017-12-03,55235.0,4712414.0,1931.0,34231.0,4271.0,91986.0,24922.0,93.0,1093.0,10378.0,107326.0,8.0,176.0,466.0,0.0,10299.0,1.1721168810719942,4.64309786271824,9.66960475560442,6.233614914069327,0.27414330218068533
201750,2017-12-10,63240.0,4928711.0,2185.0,35101.0,5058.0,96886.0,30475.0,139.0,1491.0,11778.0,111736.0,10.0,266.0,677.0,0.0,12596.0,1.283094099045369,5.220568503189315,10.540917877854945,7.486503651953001,0.28207847295864263
201751,2017-12-17,73692.0,4964930.0,2245.0,34631.0,5901.0,98776.0,39225.0,191.0,2219.0,12777.0,114127.0,23.0,336.0,1013.0,1.0,14190.0,1.4842505332401463,5.974123268810238,11.195422643195737,9.513742071881607,0.24888888888888888
201752,2017-12-24,90823.0,5276265.0,2638.0,35340.0,7495.0,106430.0,52651.0,326.0,3279.0,15331.0,120845.0,17.0,433.0,1512.0,1.0,18123.0,1.7213502354411692,7.04218735318989,12.686499234556663,10.737736577829278,0.2225077081192189
201801,2017-12-31,91892.0,4681267.0,2585.0,33103.0,8535.0,111599.0,56392.0,311.0,4152.0,17775.0,128239.0,40.0,570.0,1710.0,0.0,20451.0,1.9629728447448094,7.647917992096703,13.860837966609221,11.148599090509022,0.25
201802,2018-01-07,94475.0,4834629.0,2534.0,35230.0,7799.0,100449.0,58984.0,375.0,3854.0,15210.0,115701.0,46.0,589.0,1720.0,0.0,20188.0,1.9541313304495547,7.764139015818973,13.145953794694947,11.437487616405786,0.2550887830229537
201803,2018-01-14,119046.0,5239871.0,3018.0,36399.0,10204.0,111035.0,80502.0,539.0,5653.0,18333.0,128018.0,49.0,730.0,2461.0,1.0,25154.0,2.2719261600142446,9.189895078128519,14.320642409661142,12.689830643237656,0.2286967418546366
201804,2018-01-21,123715.0,5181486.0,2982.0,36397.0,10892.0,112701.0,84502.0,540.0,6317.0,19009.0,129954.0,51.0,763.0,2602.0,1.0,26261.0,2.3876355161434386,9.66451051898386,14.627483571109778,12.81748600586421,0.22667855020796196
201805,2018-01-28,107036.0,4821654.0,2775.0,35788.0,9039.0,102497.0,70085.0,453.0,4913.0,16022.0,115792.0,57.0,621.0,2052.0,1.0,22647.0,2.219902133168411,8.818794696430139,13.83687992261987,11.807303395593236,0.23223635003739715
201806,2018-02-04,103650.0,5078150.0,2679.0,33528.0,8454.0,103345.0,66159.0,437.0,4358.0,16001.0,121650.0,56.0,588.0,1931.0,1.0,22074.0,2.0410976438269843,8.180366732788233,13.153308672420879,11.416145691764067,0.23333333333333334
201807,2018-02-11,85415.0,3853103.0,2568.0,19942.0,15506.0,158005.0,56341.0,349.0,9401.0,31689.0,177434.0,74.0,1044.0,2948.0,0.0,30075.0,2.2167847576355992,9.813613493243885,17.85959849859666,13.273482959268495,0.26152304609218435
201808,2018-02-18,101035.0,4363686.0,3197.0,33650.0,14664.0,148507.0,65621.0,506.0,8606.0,29016.0,168976.0,68.0,967.0,2547.0,2.0,30634.0,2.3153590794571377,9.874282020376144,17.17166934949342,11.477443363582948,0.275028441410694
201809,2018-02-25,101767.0,5083462.0,3019.0,36060.0,10088.0,117588.0,64235.0,425.0,5197.0,19970.0,137357.0,36.0,705.0,1804.0,1.0,23749.0,2.001923098864514,8.579106711569208,14.538756670573761,10.56886605751821,0.28087649402390436
201810,2018-03-04,94381.0,5209293.0,2784.0,36345.0,8325.0,109012.0,56135.0,325.0,3958.0,16499.0,127896.0,42.0,666.0,1376.0,1.0,21112.0,1.8117813684121817,7.636773933144974,12.900325264277225,9.676960970064417,0.32599118942731276
201811,2018-03-11,95345.0,5410027.0,2816.0,36567.0,7916.0,107428.0,54949.0,336.0,3494.0,16325.0,126284.0,30.0,643.0,1205.0,0.0,20765.0,1.762375677607524,7.368656216256469,12.927211681606538,8.899590657356129,0.34794372294372294
201812,2018-03-18,86183.0,5224117.0,2673.0,36142.0,7192.0,107005.0,46340.0,227.0,2830.0,14879.0,124457.0,23.0,531.0,837.0,1.0,18473.0,1.6497142005050807,6.721181253212467,11.955133098178488,7.410815785200022,0.38787436084733384
201813,2018-03-25,80977.0,5175425.0,2844.0,36686.0,7128.0,107521.0,40641.0,211.0,2443.0,14841.0,126224.0,14.0,481.0,712.0,1.0,18321.0,1.5646444494896554,6.62940262832377,11.757668906071746,6.517111511380383,0.4028475711892797
201814,2018-04-01,57530.0,4193270.0,2429.0,27947.0,6466.0,112961.0,23772.0,159.0,1708.0,15779.0,133170.0,12.0,389.0,433.0,0.0,15574.0,1.3719603078265887,5.724099467957968,11.848764736802583,5.27802748170027,0.4732360097323601
201815,2018-04-08,59496.0,5171435.0,2528.0,38276.0,5576.0,104135.0,22996.0,107.0,1239.0,12825.0,122694.0,12.0,304.0,274.0,4.0,13728.0,1.1504737079746723,5.354587794689586,10.452833879407306,4.239510489510489,0.5223367697594502
201816,2018-04-15,52709.0,4729516.0,2276.0,35232.0,4751.0,97698.0,19554.0,108.0,1044.0,11162.0,115246.0,6.0,318.0,211.0,0.0,12640.0,1.1144692184147384,4.862944993756269,9.685368689585756,4.185126582278481,0.6011342155009451
201817,2018-04-22,50819.0,4668509.0,2409.0,35439.0,4943.0,100299.0,17928.0,90.0,978.0,11416.0,117638.0,7.0,320.0,152.0,0.0,11807.0,1.0885488279020132,4.9282644891773595,9.704347234737075,3.997628525451004,0.6779661016949152
201818,2018-04-29,47990.0,4594000.0,2333.0,35357.0,4676.0,101269.0,16436.0,87.0,814.0,11240.0,118723.0,11.0,312.0,108.0,0.0,10869.0,1.044623421854593,4.61740512891408,9.467415749265095,3.8642009384487994,0.7428571428571429
201819,2018-05-06,46138.0,4485264.0,2238.0,35071.0,4466.0,99520.0,15330.0,69.0,738.0,10293.0,115666.0,8.0,292.0,89.0,2.0,10677.0,1.0286573989847643,4.487540192926045,8.89889855272941,3.587149948487403,0.762402088772846
201820,2018-05-13,44821.0,4416213.0,2213.0,35885.0,4557.0,103505.0,14626.0,67.0,786.0,10312.0,119112.0,6.0,341.0,82.0,1.0,10875.0,1.0149193437907094,4.402685860586445,8.657398079118813,3.8988505747126436,0.8042452830188679
201821,2018-05-20,43623.0,4436256.0,2252.0,35561.0,4478.0,102802.0,14738.0,71.0,759.0,10315.0,118221.0,10.0,370.0,69.0,0.0,11439.0,0.9833291856917185,4.355946382366102,8.725184188934284,3.8377480548999037,0.8428246013667426
201822,2018-05-27,43054.0,4380865.0,2257.0,36506.0,4609.0,105875.0,14593.0,84.0,871.0,10310.0,120108.0,11.0,444.0,61.0,0.0,11404.0,0.9827739498934571,4.353246753246753,8.583941119658974,4.4282707821816905,0.8792079207920792
201823,2018-06-03,42893.0,4348433.0,2183.0,35554.0,4681.0,104040.0,14689.0,116.0,926.0,10405.0,118818.0,11.0,501.0,48.0,1.0,12270.0,0.9864013082413826,4.499231064975009,8.757090676496826,4.4824775876120615,0.9109090909090909
201824,2018-06-10,43468.0,4307261.0,2117.0,35758.0,4594.0,102727.0,15629.0,107.0,1039.0,10724.0,120356.0,11.0,617.0,49.0,1.0,12081.0,1.0091796155375772,4.4720472709219585,8.910232975505998,5.521066136909196,0.9250374812593704
201825,2018-06-17,40689.0,3892901.0,2134.0,33390.0,5085.0,108957.0,14717.0,84.0,1161.0,11798.0,124284.0,9.0,637.0,28.0,1.0,11594.0,1.0452102429524923,4.6669787163743495,9.492774612983167,5.744350526134207,0.9564564564564565
201826,2018-06-24,42768.0,4293601.0,2248.0,35878.0,5040.0,105410.0,16397.0,130.0,1371.0,10613.0,121778.0,12.0,840.0,26.0,1.0,13020.0,0.9960869675593983,4.7813300445878,8.715038841169997,6.658986175115207,0.9688581314878892
201827,2018-07-01,42869.0,4311397.0,2199.0,36430.0,5030.0,104178.0,16983.0,147.0,1505.0,10596.0,119021.0,17.0,951.0,22.0,6.0,13042.0,0.9943180829786725,4.828274683714412,8.902630628208467,7.506517405305934,0.9713993871297242
201828,2018-07-08,43642.0,4243391.0,2322.0,36150.0,5668.0,108418.0,18343.0,193.0,1764.0,11503.0,124400.0,27.0,1133.0,19.0,3.0,14917.0,1.0284699194582823,5.227914183991588,9.246784565916398,7.742843735335523,0.9809523809523809
201829,2018-07-15,44732.0,4407593.0,2411.0,37648.0,5730.0,108777.0,18384.0,205.0,1780.0,10813.0,122672.0,32.0,1049.0,18.0,3.0,14770.0,1.0148849950528553,5.267657684988555,8.814562410329986,7.244414353419093,0.9803738317757009
201830,2018-07-22,44250.0,4298741.0,2314.0,37736.0,5363.0,105421.0,18321.0,155.0,1626.0,10627.0,120340.0,22.0,982.0,23.0,1.0,13968.0,1.0293711577413014,5.087221711044289,8.830812697357487,7.202176403207331,0.9761431411530815
201831,2018-07-29,44659.0,4322139.0,2361.0,38895.0,5700.0,108743.0,18669.0,163.0,1764.0,11012.0,123059.0,23.0,1099.0,39.0,3.0,14512.0,1.0332615401772132,5.241716708201907,8.94855313305,7.862458654906284,0.9631901840490797
201832,2018-08-05,46504.0,4380157.0,2360.0,38790.0,5474.0,107756.0,18815.0,173.0,1695.0,11043.0,122496.0,24.0,1042.0,28.0,1.0,15235.0,1.061697103551311,5.079995545491666,9.014988244514107,7.029865441417788,0.972922502334267
201833,2018-08-12,47098.0,4351115.0,2360.0,37171.0,5169.0,105147.0,18351.0,162.0,1345.0,10869.0,119606.0,28.0,921.0,38.0,2.0,14722.0,1.082435191899088,4.915974778167708,9.087336755681154,6.5276457003124575,0.9583766909469302
201834,2018-08-19,45154.0,4105997.0,2245.0,35453.0,4966.0,102682.0,17204.0,129.0,1318.0,10325.0,116330.0,19.0,851.0,33.0,1.0,14301.0,1.0997085482527142,4.836290683858905,8.875612481733,6.18837843507447,0.9615819209039548
201835,2018-08-26,47487.0,4409698.0,2379.0,36338.0,5116.0,103097.0,17992.0,131.0,1308.0,10393.0,115972.0,18.0,765.0,26.0,0.0,14128.0,1.0768764663702595,4.962317041233014,8.961645914531093,5.59881087202718,0.9671302149178256
201836,2018-09-02,49781.0,4607796.0,2367.0,34692.0,5281.0,101619.0,20100.0,141.0,1477.0,11075.0,121469.0,26.0,964.0,35.0,0.0,14669.0,1.0803646689219748,5.196862791407119,9.117552626596087,6.810280182698207,0.964964964964965
201837,2018-09-09,51897.0,4596482.0,2386.0,36940.0,5060.0,100743.0,21303.0,159.0,1335.0,11470.0,120202.0,18.0,932.0,31.0,0.0,14977.0,1.1290591369660536,5.022681476628649,9.542270511305968,6.429859117313214,0.9678089304257529
201838,2018-09-16,52737.0,4679004.0,2299.0,36179.0,5144.0,104580.0,21859.0,169.0,1448.0,11487.0,127328.0,22.0,903.0,37.0,0.0,15451.0,1.127098844112978,4.918722509083955,9.021582055792912,6.083748624684486,0.9606382978723405
201839,2018-09-23,49074.0,4273819.0,2312.0,35271.0,5574.0,112661.0,20774.0,159.0,1638.0,12939.0,134483.0,14.0,864.0,31.0,0.0,15252.0,1.148247036198772,4.947586121195445,9.621290423324881,5.868082874377131,0.9653631284916201
201840,2018-09-30,52062.0,4911085.0,2200.0,36377.0,4455.0,97667.0,21050.0,131.0,1081.0,10400.0,118095.0,15.0,680.0,40.0,1.0,13797.0,1.0600916090843469,4.561417879119866,8.80646936788179,5.225773718924404,0.9431345353675451
201841,2018-10-07,45893.0,4282574.0,2009.0,33300.0,4305.0,97063.0,17952.0,96.0,867.0,10401.0,118489.0,16.0,500.0,28.0,0.0,12303.0,1.0716218797386805,4.4352636947137425,8.778030028103874,4.291636186296025,0.946969696969697
201842,2018-10-14,47481.0,4609959.0,2050.0,35453.0,4169.0,94334.0,19070.0,81.0,893.0,9529.0,114096.0,15.0,581.0,32.0,0.0,12336.0,1.029965776268292,4.419403396442428,8.351738886551676,4.969195849546044,0.9477977161500816
201843,2018-10-21,48100.0,4540689.0,2047.0,35311.0,4187.0,94050.0,20192.0,133.0,1002.0,9730.0,115634.0,4.0,689.0,27.0,0.0,13344.0,1.059310602421791,4.451887293992558,8.414480170192158,5.365707434052758,0.9622905027932961
201844,2018-10-28,50957.0,4687834.0,1926.0,36037.0,4063.0,91981.0,20635.0,83.0,846.0,9778.0,111372.0,10.0,556.0,33.0,1.0,12258.0,1.087005213921824,4.417216599080245,8.779585533168122,4.813183227280144,0.9423728813559322
201845,2018-11-04,48871.0,4524859.0,2142.0,35016.0,4197.0,94138.0,20627.0,124.0,984.0,10057.0,115292.0,12.0,707.0,36.0,0.0,13673.0,1.0800557542235019,4.458348382162358,8.723068382888666,5.434067139618226,0.9515477792732167
201846,2018-11-11,50103.0,4534350.0,1953.0,34612.0,4103.0,93348.0,21674.0,124.0,1096.0,9878.0,114522.0,8.0,724.0,41.0,2.0,13576.0,1.104965430546826,4.395380725885932,8.625416950454934,5.649675898644667,0.9439374185136897
201847,2018-11-18,48919.0,4355597.0,1804.0,33397.0,3974.0,90518.0,21321.0,114.0,1076.0,10102.0,111657.0,9.0,765.0,39.0,0.0,13173.0,1.123129619200307,4.3902870147374005,9.047350367643766,6.10339330448645,0.9514925373134329
201848,2018-11-25,52511.0,4588627.0,1955.0,35778.0,4318.0,90612.0,23126.0,108.0,1107.0,10382.0,110960.0,12.0,780.0,50.0,0.0,13331.0,1.1443728156592374,4.765373239747495,9.356524873828407,6.226089565673993,0.9397590361445783
201849,2018-12-02,57107.0,4792736.0,2075.0,34354.0,4707.0,93659.0,25960.0,141.0,1360.0,10830.0,113888.0,21.0,904.0,42.0,0.0,14402.0,1.191532352293137,5.025678258362784,9.509342511941556,6.568532148312734,0.9556025369978859
201850,2018-12-09,57428.0,4698218.0,1957.0,34338.0,4432.0,90600.0,26755.0,107.0,1329.0,10048.0,108509.0,20.0,919.0,44.0,0.0,14200.0,1.222335787739096,4.891832229580574,9.260061377397266,6.78169014084507,0.9543094496365524
201851,2018-12-16,62047.0,4744458.0,2091.0,35565.0,5002.0,93800.0,31563.0,161.0,1705.0,11656.0,115996.0,20.0,1131.0,55.0,0.0,15177.0,1.3077784648952526,5.332622601279318,10.048622366288493,7.814456084865257,0.9536256323777403
201852,2018-12-23,68235.0,4833217.0,2295.0,35913.0,5581.0,93664.0,34786.0,193.0,2068.0,12066.0,114315.0,28.0,1385.0,61.0,0.0,15788.0,1.411792601077088,5.95853262726341,10.555045269649652,9.158854826450469,0.9578146611341632
201901,2018-12-30,67133.0,4206481.0,2360.0,31961.0,6853.0,100986.0,37481.0,246.0,3021.0,14465.0,121627.0,44.0,1704.0,76.0,1.0,17865.0,1.5959420712942718,6.786089160873784,11.892918513159085,9.969213546039743,0.956765861875351
201902,2019-01-06,79929.0,4906225.0,2461.0,37365.0,7206.0,97946.0,46687.0,295.0,3458.0,13867.0,115833.0,60.0,2139.0,80.0,0.0,20034.0,1.6291344159715464,7.357115145079942,11.971545241856811,11.076170510132775,0.9639477242000901
201903,2019-01-13,85104.0,4727085.0,2569.0,36570.0,7707.0,95990.0,52280.0,392.0,3844.0,14181.0,116286.0,61.0,2262.0,89.0,0.0,20248.0,1.800348417682356,8.028961350140639,12.194933181982353,11.61102331094429,0.9621437686091026
201904,2019-01-20,92551.0,5012829.0,2671.0,37326.0,7946.0,96762.0,56612.0,346.0,3971.0,14420.0,115476.0,57.0,2429.0,73.0,2.0,20921.0,1.846282807572331,8.211901366238813,12.487443278256954,11.968835141723627,0.9700479233226837
201905,2019-01-27,108426.0,6074651.0,2739.0,32082.0,8901.0,109852.0,64345.0,353.0,4391.0,15847.0,125758.0,54.0,2287.0,85.0,0.0,23152.0,1.7848926629694446,8.102720023304082,12.601186405636222,10.245335176226677,0.9641652613827993
201906,2019-02-03,40451.0,1426607.0,2411.0,17434.0,16954.0,184063.0,24888.0,312.0,10110.0,37518.0,206833.0,62.0,3743.0,172.0,0.0,31227.0,2.8354690534954616,9.210976676464037,18.139271779648315,12.537227399365934,0.9560664112388251
201907,2019-02-10,87533.0,5349015.0,3082.0,43575.0,9258.0,112823.0,51047.0,351.0,4510.0,16643.0,129283.0,56.0,2174.0,91.0,0.0,22096.0,1.6364321281581748,8.205773645444635,12.873308942397685,10.250724112961622,0.9598233995584989
201908,2019-02-17,81185.0,4841316.0,2699.0,39852.0,7789.0,103454.0,47208.0,323.0,3692.0,14278.0,120752.0,82.0,2072.0,118.0,1.0,20857.0,1.6769200771030026,7.528950064763083,11.824234795282894,10.504866471688162,0.9456869009584664
201909,2019-02-24,75709.0,4592392.0,2693.0,34714.0,7762.0,104154.0,43031.0,309.0,3477.0,14733.0,123150.0,53.0,1777.0,125.0,0.0,19592.0,1.6485744248313297,7.452426215027748,11.963459196102315,9.708044099632502,0.9342797055730809
201910,2019-03-03,72984.0,4688608.0,2562.0,37477.0,6513.0,94963.0,38700.0,243.0,2619.0,13166.0,116530.0,41.0,1412.0,150.0,0.0,18773.0,1.556624055583235,6.858460663626886,11.29837810006007,8.320460235444521,0.9039692701664532
201911,2019-03-10,76312.0,5063705.0,2582.0,37719.0,6498.0,95927.0,39741.0,225.0,2471.0,13239.0,118776.0,35.0,1260.0,163.0,1.0,18459.0,1.5070388184145798,6.773900987209023,11.146191149727217,7.71439406251693,0.8848314606741573
201912,2019-03-17,75039.0,4977876.0,2821.0,36597.0,6556.0,100167.0,37269.0,219.0,2206.0,13734.0,124334.0,22.0,1016.0,219.0,1.0,18942.0,1.5074501654922703,6.54506973354498,11.046053372367977,6.525182134938232,0.8220064724919094
201913,2019-03-24,71968.0,4869158.0,2703.0,37583.0,6151.0,97678.0,34212.0,184.0,1980.0,12783.0,119729.0,22.0,901.0,220.0,0.0,17598.0,1.4780378866325554,6.297221482831344,10.676611347292637,6.370042050232981,0.8037466547725245
201914,2019-03-31,60063.0,4077334.0,2590.0,29505.0,6479.0,106740.0,26340.0,167.0,2088.0,14834.0,131364.0,35.0,916.0,235.0,0.0,17134.0,1.4730949193762395,6.069889451002436,11.292287080174173,6.717637446013774,0.7958297132927888
201915,2019-04-07,64894.0,5031705.0,2830.0,39610.0,6146.0,102266.0,26425.0,166.0,1696.0,13161.0,125789.0,18.0,735.0,274.0,3.0,17715.0,1.289701999620407,6.009817534664502,10.46275906478309,5.7126728760937056,0.7262845849802372
201916,2019-04-14,62871.0,4739685.0,2593.0,36758.0,6089.0,99458.0,25169.0,175.0,1653.0,12446.0,119429.0,23.0,766.0,275.0,0.0,16707.0,1.3264805572522225,6.122182227673993,10.421254469182527,6.230921170766744,0.7358309317963496
201917,2019-04-21,63328.0,4732023.0,2886.0,37921.0,6657.0,104197.0,26954.0,215.0,2092.0,13018.0,124029.0,44.0,1024.0,371.0,6.0,18186.0,1.3382859719828073,6.388859564094935,10.495932402905773,7.703728142527218,0.7309064953604568
201918,2019-04-28,63464.0,4507967.0,2779.0,36342.0,6526.0,101742.0,27977.0,233.0,2215.0,13070.0,122679.0,38.0,982.0,389.0,1.0,17844.0,1.4078186464097897,6.414263529319259,10.653820132214967,7.688859000224165,0.7157434402332361
201919,2019-05-05,66329.0,4717190.0,2699.0,36703.0,6266.0,97425.0,29555.0,230.0,2095.0,12737.0,119126.0,17.0,951.0,442.0,1.0,17845.0,1.4061125373368468,6.431614062099051,10.692040360626564,7.811711964135612,0.6822094691535151
201920,2019-05-12,68165.0,4738768.0,2877.0,37426.0,6896.0,103634.0,32291.0,281.0,2499.0,13708.0,126818.0,29.0,1033.0,533.0,3.0,19448.0,1.4384540454396586,6.654186849875524,10.80919112428835,8.067667626491156,0.6583811344805609
201921,2019-05-19,70475.0,4689898.0,2867.0,36866.0,6928.0,102459.0,34788.0,284.0,2788.0,13809.0,126025.0,33.0,1199.0,630.0,2.0,20428.0,1.5026979264794245,6.761729081876653,10.957349732195993,8.963187781476405,0.6548334243582742
201922,2019-05-26,71764.0,4641843.0,2844.0,37942.0,7623.0,105757.0,35593.0,294.0,3091.0,13862.0,125917.0,20.0,1294.0,628.0,14.0,21262.0,1.5460238530256194,7.208033510784156,11.008839155951936,9.105446336186624,0.6683884297520661
201923,2019-06-02,67098.0,4254703.0,2778.0,33235.0,8078.0,112642.0,34329.0,306.0,3398.0,15244.0,135286.0,42.0,1394.0,743.0,4.0,22915.0,1.5770313462537808,7.171392553399265,11.267980426651686,9.343224961815405,0.6510976179355441
201924,2019-06-09,70422.0,4665478.0,2844.0,38436.0,7648.0,107011.0,35660.0,314.0,3257.0,14501.0,128864.0,37.0,1501.0,698.0,7.0,22196.0,1.5094273298470167,7.146928820401641,11.252948845294263,9.938727698684447,0.6804170444242974
201925,2019-06-16,73412.0,4698485.0,3019.0,38586.0,8135.0,109780.0,38802.0,356.0,3634.0,15142.0,132725.0,46.0,1637.0,787.0,6.0,24155.0,1.562461091181519,7.410275095645837,11.408551516293088,10.060028979507349,0.6736625514403293
201926,2019-06-23,68082.0,4488063.0,2821.0,38831.0,7604.0,106060.0,35234.0,299.0,3338.0,13722.0,126767.0,25.0,1423.0,711.0,5.0,22297.0,1.516957315438754,7.169526683009617,10.824583685028438,9.593218818675158,0.6652641421224872
201927,2019-06-30,67190.0,4521513.0,2899.0,38576.0,7687.0,106489.0,35387.0,354.0,3407.0,13942.0,127780.0,50.0,1670.0,644.0,6.0,23295.0,1.4860070069465685,7.218585957235019,10.910940679292533,9.959218716462761,0.7198275862068966
201928,2019-07-07,66899.0,4513610.0,2861.0,38978.0,7568.0,107428.0,34542.0,346.0,3300.0,13966.0,128732.0,40.0,1695.0,562.0,5.0,24186.0,1.4821617286384956,7.044718322969803,10.848895379548209,9.352517985611511,0.7493368700265252
201929,2019-07-14,67917.0,4477174.0,2978.0,38864.0,7936.0,107791.0,35570.0,346.0,3587.0,14385.0,131124.0,61.0,1862.0,513.0,4.0,24906.0,1.5169613689349577,7.362395747325843,10.970531710442025,9.551915201156348,0.7826817990752417
201930,2019-07-21,66536.0,4339893.0,2760.0,38941.0,7641.0,105605.0,35394.0,308.0,3455.0,13551.0,126852.0,62.0,1749.0,446.0,4.0,23265.0,1.5331253558555475,7.235452866815018,10.682527670040677,9.451966473243068,0.7953615279672579
201931,2019-07-28,64744.0,4434152.0,2880.0,39471.0,7409.0,105146.0,33218.0,282.0,3152.0,13581.0,126151.0,55.0,1687.0,390.0,6.0,22592.0,1.4601213490200606,7.046392635002758,10.765669713280117,9.22007790368272,0.8098895823331733
201932,2019-08-04,60798.0,4196529.0,2837.0,36953.0,7308.0,109491.0,30669.0,311.0,2961.0,13768.0,129927.0,46.0,1531.0,304.0,6.0,22193.0,1.4487687324453138,6.6745211935227555,10.596719696444927,8.295408462127698,0.8316132536664856
201933,2019-08-11,62108.0,4402084.0,2678.0,36591.0,6762.0,104843.0,30397.0,268.0,2720.0,12813.0,125694.0,48.0,1446.0,267.0,6.0,20589.0,1.4108772117933233,6.44964375304026,10.19380400019094,8.349118461314294,0.8411867364746946
201934,2019-08-18,62603.0,4408595.0,2722.0,37544.0,7036.0,104077.0,30202.0,255.0,2758.0,13411.0,124897.0,75.0,1614.0,228.0,7.0,21720.0,1.4200215714984026,6.760379334531164,10.737647821805167,8.512891344383057,0.8729042725797729
201935,2019-08-25,66544.0,4543995.0,2935.0,37820.0,7477.0,108458.0,32014.0,343.0,3066.0,13743.0,127122.0,50.0,1735.0,189.0,8.0,22499.0,1.4644382311160113,6.893912851057552,10.810874592910746,8.587048313258368,0.8980331262939959
201936,2019-09-01,68211.0,4621785.0,2865.0,38092.0,7486.0,103260.0,34531.0,344.0,3204.0,14489.0,129307.0,68.0,1913.0,209.0,8.0,22951.0,1.4758583534283831,7.249661049777261,11.20511650568028,9.280641366389265,0.8981220657276995
201937,2019-09-08,68016.0,4186422.0,2857.0,33969.0,8556.0,112577.0,35777.0,360.0,3943.0,16802.0,140884.0,53.0,2312.0,193.0,3.0,24672.0,1.6246809327869958,7.600131465574673,11.92612361943159,10.165369649805447,0.9218500797448166
201938,2019-09-15,74422.0,4847840.0,2897.0,39614.0,7912.0,107023.0,38067.0,346.0,3569.0,15410.0,131540.0,71.0,2047.0,158.0,13.0,24194.0,1.5351579260041586,7.392803416088131,11.715067660027367,9.167562205505497,0.9229035166816952
201939,2019-09-22,69593.0,4777601.0,2738.0,38592.0,6905.0,101593.0,34549.0,270.0,2663.0,13918.0,124259.0,59.0,1529.0,156.0,13.0,22037.0,1.4566515705267142,6.796728121031961,11.20079833251515,7.705223033988292,0.9004711425206124
201940,2019-09-29,64780.0,4640793.0,2801.0,38981.0,7011.0,107066.0,31570.0,242.0,2684.0,14115.0,129574.0,44.0,1552.0,142.0,2.0,21536.0,1.3958821261797283,6.5482973119384305,10.893389105839134,7.8751857355126305,0.9150943396226415
201941,2019-10-06,61376.0,4258673.0,2564.0,33056.0,6710.0,108130.0,28872.0,225.0,2558.0,14657.0,133550.0,40.0,1405.0,114.0,1.0,20255.0,1.4412001109265726,6.205493387589013,10.974915761886933,7.504319921007159,0.9243421052631579
201942,2019-10-13,62298.0,4832057.0,2523.0,39491.0,5683.0,99933.0,28208.0,215.0,1946.0,12502.0,122272.0,26.0,1048.0,113.0,0.0,18755.0,1.2892645926983064,5.686810162809082,10.224744831196022,6.190349240202613,0.9026701119724375
201943,2019-10-20,60605.0,4761766.0,2494.0,37696.0,5251.0,98347.0,27032.0,180.0,1656.0,11688.0,120707.0,23.0,911.0,97.0,2.0,17665.0,1.2727420877044358,5.339257933643121,9.68295127871623,5.717520520803849,0.901980198019802
201944,2019-10-27,60557.0,4775739.0,2469.0,38901.0,5324.0,98314.0,26433.0,173.0,1563.0,11372.0,118737.0,20.0,790.0,107.0,3.0,16825.0,1.2680131807873085,5.415301991578005,9.577469533506825,5.349182763744428,0.8777777777777778
201945,2019-11-03,63004.0,4705932.0,2402.0,38107.0,5290.0,96051.0,29255.0,195.0,1804.0,11559.0,118011.0,26.0,832.0,101.0,3.0,16990.0,1.3388208754397641,5.5074908121726995,9.794849632661363,5.5091230135373745,0.8888888888888888
201946,2019-11-10,65477.0,4772030.0,2305.0,36539.0,5105.0,93734.0,31415.0,156.0,1623.0,11436.0,118885.0,27.0,728.0,111.0,1.0,16683.0,1.372099504822895,5.446262828856125,9.619380073179963,5.035065635677037,0.8666666666666667
201947,2019-11-17,65515.0,4692681.0,2275.0,37211.0,5111.0,94264.0,30980.0,173.0,1609.0,11334.0,117942.0,27.0,697.0,100.0,3.0,16934.0,1.3961102406065957,5.4220062802342355,9.609808210815485,4.724223455769458,0.87125
201948,2019-11-24,67549.0,4690904.0,2455.0,39232.0,5697.0,98178.0,33481.0,261.0,2152.0,11503.0,117391.0,43.0,1016.0,139.0,2.0,17612.0,1.4399996248057945,5.802725661553505,9.798877256348442,6.569384510560981,0.878133102852204
201949,2019-12-01,69583.0,4505757.0,2378.0,36411.0,5700.0,94064.0,36177.0,286.0,2322.0,11532.0,112245.0,43.0,1132.0,174.0,5.0,17079.0,1.5443131975381716,6.05970403129784,10.273954296405185,7.676093448094151,0.8634630053394355
201950,2019-12-08,83597.0,4952961.0,2613.0,36672.0,6978.0,101125.0,47636.0,344.0,3103.0,13384.0,120707.0,39.0,1368.0,231.0,4.0,19748.0,1.6878186603932477,6.900370828182942,11.088006495066566,8.117277699007495,0.8533998752339363
201951,2019-12-15,90445.0,4898523.0,2743.0,37193.0,8087.0,104734.0,53208.0,383.0,3947.0,14698.0,124461.0,62.0,1678.0,311.0,3.0,22270.0,1.8463728760689702,7.721465808619932,11.809321795582552,8.944768747193534,0.8423694779116466
201952,2019-12-22,99058.0,4884862.0,2858.0,37651.0,8672.0,102793.0,61643.0,439.0,4682.0,14938.0,123421.0,75.0,2074.0,381.0,8.0,22934.0,2.0278566723072218,8.436372126506669,12.103288743406713,10.739513386238771,0.8420625253755583
202001,2019-12-29,99878.0,4433526.0,2884.0,34265.0,9934.0,105285.0,65017.0,514.0,5847.0,17427.0,128338.0,100.0,2637.0,480.0,10.0,24878.0,2.2527893148703764,9.435342166500451,13.578986738144588,12.569338371251709,0.8433002878157979
202002,2020-01-05,109557.0,4909632.0,3091.0,37248.0,10390.0,109072.0,72252.0,532.0,6194.0,17714.0,130907.0,109.0,2674.0,527.0,1.0,27126.0,2.231470709006296,9.525817808420125,13.531743909798559,11.804173118041732,0.835103060587133
202003,2020-01-12,104067.0,5183609.0,2818.0,37115.0,8923.0,104569.0,64501.0,446.0,5023.0,16008.0,125136.0,83.0,1952.0,447.0,4.0,24687.0,2.007616701028183,8.533121670858476,12.792481779823552,9.73386802770689,0.8123179359134415
202004,2020-01-19,95887.0,4668570.0,2687.0,23525.0,13024.0,132751.0,58807.0,395.0,8009.0,25253.0,154383.0,70.0,2600.0,737.0,15.0,30332.0,2.0538837374185244,9.810848882494295,16.35737095405582,11.051035210338917,0.7756563245823389
202005,2020-01-26,68625.0,3171730.0,3129.0,29154.0,16687.0,148219.0,39437.0,341.0,10220.0,37006.0,166565.0,62.0,2077.0,599.0,9.0,32377.0,2.163645707547616,11.258340698560913,22.21715246300243,8.29292398925163,0.7735567970204842
202006,2020-02-02,71231.0,4820149.0,2869.0,39980.0,7900.0,98514.0,35835.0,179.0,3396.0,17536.0,113208.0,37.0,503.0,194.0,4.0,19242.0,1.4777758944796104,8.019164788760989,15.490071373047842,3.643072445691716,0.717546362339515
202007,2020-02-09,53636.0,4367310.0,2437.0,38985.0,5687.0,93616.0,23900.0,90.0,1936.0,12945.0,107063.0,15.0,141.0,112.0,0.0,15456.0,1.2281244060989487,6.074816270722954,12.091011834153722,1.6369047619047619,0.5573122529644269
202008,2020-02-16,44902.0,4167588.0,2188.0,36974.0,4810.0,86037.0,18298.0,69.0,1453.0,12741.0,98214.0,6.0,63.0,60.0,0.0,14503.0,1.0774097631531716,5.590617989934563,12.972692284195736,0.8481003930221334,0.5121951219512195
202009,2020-02-23,38708.0,3698239.0,2114.0,34102.0,4898.0,90305.0,16077.0,49.0,1422.0,12206.0,103924.0,0.0,38.0,44.0,0.0,14014.0,1.0466603158962955,5.4238414262776145,11.745121434894731,0.585129156557728,0.4634146341463415
202010,2020-03-01,37985.0,4140922.0,1970.0,33974.0,3994.0,78608.0,14815.0,56.0,1058.0,9883.0,90685.0,0.0,39.0,45.0,0.0,12378.0,0.9173077879757213,5.080907795644209,10.898163974196395,0.6786233640329618,0.4642857142857143
202011,2020-03-08,33690.0,3901623.0,1826.0,33496.0,3503.0,77426.0,12774.0,34.0,833.0,8303.0,87847.0,1.0,14.0,25.0,1.0,10856.0,0.8634868104888658,4.524319995867021,9.451660272974603,0.36845983787767134,0.35
202012,2020-03-15,36156.0,4144806.0,1990.0,33539.0,4207.0,81948.0,14285.0,47.0,1052.0,12176.0,93917.0,0.0,16.0,20.0,0.0,11734.0,0.8723206828015594,5.133743349441109,12.964638989746266,0.30680074995738876,0.4444444444444444
202013,2020-03-22,32285.0,3842252.0,1916.0,32541.0,4141.0,81401.0,12382.0,23.0,997.0,11166.0,92798.0,0.0,22.0,20.0,0.0,10001.0,0.8402624294294075,5.087161091387084,12.03258690920063,0.41995800419958,0.5238095238095238
202014,2020-03-29,28710.0,3436587.0,1667.0,26750.0,3549.0,81411.0,10507.0,21.0,696.0,10633.0,91158.0,0.0,17.0,18.0,0.0,8716.0,0.835421888053467,4.359361757010723,11.664362974176704,0.4015603487838458,0.4857142857142857
202015,2020-04-05,32712.0,4190426.0,1885.0,34474.0,3720.0,80899.0,11273.0,22.0,799.0,12993.0,92344.0,0.0,10.0,16.0,1.0,8956.0,0.7806366226250028,4.5983263081125845,14.07021571515204,0.30147387226440375,0.37037037037037035
202016,2020-04-12,29307.0,4033238.0,1840.0,33682.0,3319.0,80819.0,10072.0,22.0,603.0,9242.0,90837.0,0.0,10.0,14.0,0.0,7186.0,0.7266370097673382,4.106707581138099,10.17426819467838,0.3339827442248817,0.4166666666666667
202017,2020-04-19,25612.0,3673572.0,1737.0,33798.0,3137.0,79602.0,8492.0,18.0,522.0,9036.0,90565.0,0.0,13.0,16.0,0.0,7719.0,0.697196080545039,3.9408557573930305,9.977364323966212,0.3756963337219847,0.4482758620689655
202018,2020-04-26,23419.0,3709637.0,1664.0,33828.0,2620.0,79600.0,7362.0,18.0,329.0,6390.0,91343.0,0.0,13.0,8.0,0.0,6501.0,0.6313016610520112,3.291457286432161,6.995609953691033,0.3230272265805261,0.6190476190476191
202019,2020-05-03,21921.0,3920613.0,1716.0,36940.0,2570.0,84675.0,5910.0,18.0,223.0,5599.0,95766.0,0.0,8.0,8.0,0.0,7072.0,0.5591217495835472,3.035134337171538,5.846542614288996,0.22624434389140272,0.5
202020,2020-05-10,21281.0,3968185.0,1649.0,37247.0,2288.0,84731.0,5787.0,9.0,150.0,5093.0,96636.0,0.0,8.0,10.0,0.0,6025.0,0.5362905207292503,2.700310394070647,5.270292644563103,0.2987551867219917,0.4444444444444444
202021,2020-05-17,20356.0,3585298.0,1504.0,37764.0,2164.0,80188.0,5477.0,8.0,117.0,4517.0,89733.0,1.0,5.0,14.0,0.0,5401.0,0.5677631259660982,2.6986581533396516,5.033822562490945,0.3517867061655249,0.2631578947368421
202022,2020-05-24,21581.0,3876263.0,1424.0,38398.0,2089.0,84155.0,5836.0,12.0,114.0,4756.0,94546.0,0.0,11.0,14.0,0.0,5681.0,0.5567475684699413,2.4823242825738223,5.030355594102342,0.44006336912515404,0.44
202023,2020-05-31,22399.0,4126436.0,1618.0,38738.0,2315.0,88347.0,5959.0,9.0,104.0,4987.0,100359.0,0.0,6.0,14.0,0.0,5929.0,0.5428170944611767,2.6203493044472363,4.969160713040186,0.33732501264968795,0.3
202024,2020-06-07,23472.0,4122377.0,1559.0,39465.0,2283.0,87817.0,6205.0,11.0,114.0,5163.0,100028.0,0.0,11.0,5.0,0.0,5577.0,0.5693802386341666,2.5997244269332818,5.161554764665894,0.2868925945849023,0.6875
202025,2020-06-14,24061.0,4072118.0,1703.0,40791.0,2412.0,91731.0,6590.0,11.0,127.0,5602.0,105851.0,0.0,12.0,7.0,0.0,6335.0,0.5908718755203066,2.629427347352585,5.292344899906472,0.2999210734017364,0.631578947368421
202026,2020-06-21,21597.0,3480620.0,1651.0,34665.0,2498.0,97847.0,5828.0,20.0,128.0,6093.0,113011.0,1.0,5.0,6.0,0.0,6205.0,0.620492900690107,2.5529653438531583,5.3915105609188485,0.177276390008058,0.45454545454545453
202027,2020-06-28,24540.0,4297701.0,1699.0,43200.0,2407.0,93750.0,6402.0,18.0,144.0,5705.0,108049.0,0.0,12.0,19.0,0.0,6326.0,0.5710029618160966,2.567466666666667,5.280011846477061,0.49004110022130887,0.3870967741935484
202028,2020-07-05,23453.0,4088164.0,1598.0,41042.0,2444.0,92171.0,6189.0,14.0,114.0,5453.0,105230.0,0.0,13.0,19.0,0.0,6474.0,0.5736805079248288,2.651593234314481,5.181982324432196,0.4942848316342292,0.40625
202029,2020-07-12,22876.0,3928818.0,1681.0,41616.0,2561.0,94548.0,6063.0,13.0,122.0,5624.0,107853.0,0.0,8.0,12.0,0.0,6646.0,0.5822616369605311,2.708677074078775,5.214504928003857,0.30093289196509176,0.4
202030,2020-07-19,22817.0,3952261.0,1645.0,41364.0,2462.0,93557.0,5937.0,8.0,105.0,5704.0,106751.0,0.0,8.0,7.0,0.0,6096.0,0.5773151115273004,2.631550819286638,5.343275472829294,0.24606299212598426,0.5333333333333333
202031,2020-07-26,24450.0,4047237.0,1589.0,41726.0,2444.0,93882.0,6654.0,11.0,111.0,5725.0,106402.0,0.0,6.0,8.0,0.0,6050.0,0.6041158449579306,2.603267932084958,5.380537959812785,0.23140495867768596,0.42857142857142855
202032,2020-08-02,25519.0,4147924.0,1580.0,39892.0,2487.0,93249.0,6982.0,7.0,119.0,6104.0,107182.0,0.0,8.0,5.0,0.0,6061.0,0.6152234226085145,2.667052729787987,5.694986098412047,0.2144860584062036,0.6153846153846154
202033,2020-08-09,26913.0,4156224.0,1616.0,42109.0,2426.0,93814.0,7635.0,12.0,120.0,6451.0,107390.0,0.0,6.0,7.0,0.0,6265.0,0.647534877812168,2.585967979192871,6.007077009032498,0.20750199521149243,0.46153846153846156
202034,2020-08-16,27845.0,4215404.0,1731.0,40477.0,2598.0,94248.0,7587.0,6.0,107.0,6496.0,107935.0,0.0,11.0,20.0,0.0,6237.0,0.6605535317611313,2.756557168321874,6.018437022281929,0.4970338303671637,0.3548387096774194
202035,2020-08-23,27097.0,4144553.0,1754.0,39236.0,2497.0,92240.0,7172.0,6.0,87.0,6387.0,105955.0,0.0,11.0,9.0,0.0,6040.0,0.6537978884574525,2.7070685169124022,6.028030767778774,0.33112582781456956,0.55
202036,2020-08-30,27688.0,4252409.0,1763.0,38010.0,2574.0,94096.0,7552.0,8.0,107.0,6309.0,106858.0,0.0,9.0,13.0,0.0,6019.0,0.6511132866100133,2.7355041659581705,5.904097025959685,0.36550922080079745,0.4090909090909091
202037,2020-09-06,29991.0,4377147.0,1737.0,38234.0,2619.0,94037.0,8305.0,6.0,108.0,6685.0,106532.0,0.0,13.0,7.0,0.0,6128.0,0.6851723280026921,2.785073960249689,6.275109826155521,0.3263707571801567,0.65
202038,2020-09-13,29130.0,4256899.0,1711.0,37330.0,2790.0,97817.0,7702.0,7.0,109.0,6789.0,110499.0,0.0,6.0,10.0,0.0,6311.0,0.6843009430103932,2.852264943721439,6.143947004045286,0.2535255902392648,0.375
202039,2020-09-20,30540.0,4425506.0,1735.0,40548.0,2645.0,99254.0,7995.0,4.0,98.0,6895.0,112858.0,0.0,9.0,14.0,0.0,6148.0,0.6900905794727202,2.664880004836077,6.109447270020734,0.3741054001301236,0.391304347826087
202040,2020-09-27,28408.0,3838518.0,1686.0,34135.0,2855.0,103888.0,7241.0,10.0,112.0,7493.0,117486.0,0.0,3.0,4.0,0.0,5859.0,0.7400772902458709,2.748151855844756,6.377781182438759,0.11947431302270012,0.42857142857142855
202041,2020-10-04,32013.0,4417239.0,1926.0,40969.0,2927.0,103739.0,8849.0,11.0,122.0,7999.0,118630.0,0.0,9.0,10.0,0.0,7015.0,0.7247287276056378,2.8215039666856243,6.742813790778049,0.27084818246614395,0.47368421052631576
202042,2020-10-11,31582.0,4552412.0,1951.0,42497.0,2997.0,100318.0,7953.0,4.0,109.0,7498.0,116007.0,0.0,8.0,8.0,0.0,7133.0,0.6937421305453021,2.98749975079248,6.463403070504366,0.22430954717510165,0.5
202043,2020-10-18,32470.0,4399642.0,1989.0,41189.0,2903.0,95690.0,7918.0,8.0,131.0,7368.0,110985.0,0.0,12.0,15.0,0.0,7185.0,0.7380145930055219,3.033754833315916,6.63873496418435,0.3757828810020877,0.4444444444444444
202044,2020-10-25,34332.0,4436724.0,2158.0,42018.0,3349.0,98457.0,8198.0,6.0,129.0,8046.0,112465.0,0.0,13.0,9.0,0.0,7285.0,0.7738141926340245,3.4014849121951714,7.154225759125061,0.30199039121482496,0.5909090909090909
202045,2020-11-01,36256.0,4470821.0,2186.0,41554.0,3268.0,97518.0,8356.0,6.0,118.0,7884.0,110578.0,0.0,11.0,12.0,0.0,7304.0,0.8109472510753618,3.351176193113066,7.129808822731466,0.3148959474260679,0.4782608695652174
202046,2020-11-08,36762.0,4364447.0,2093.0,40916.0,3174.0,94321.0,8451.0,17.0,122.0,8155.0,108683.0,0.0,5.0,9.0,0.0,7033.0,0.8423060241079797,3.3651042715832107,7.503473404304261,0.19906156689890517,0.35714285714285715
202047,2020-11-15,37371.0,4478188.0,2269.0,42183.0,3467.0,101018.0,8686.0,12.0,141.0,8564.0,115692.0,0.0,13.0,15.0,0.0,7925.0,0.8345116372961564,3.4320616127818804,7.402413304290703,0.35331230283911674,0.4642857142857143
202048,2020-11-22,36332.0,4396158.0,2182.0,41778.0,3160.0,97524.0,8255.0,10.0,103.0,8173.0,111540.0,0.0,9.0,5.0,0.0,7065.0,0.8264489128916659,3.2402280464295967,7.32741617357002,0.19815994338287332,0.6428571428571429
202049,2020-11-29,35401.0,4360509.0,1969.0,40981.0,2792.0,89957.0,8155.0,9.0,64.0,7373.0,105996.0,0.0,6.0,10.0,0.0,6551.0,0.8118547628270002,3.1037051035494736,6.9559228650137745,0.24423752098916196,0.375
202050,2020-12-06,34305.0,4247698.0,1967.0,40920.0,2866.0,91077.0,8088.0,7.0,103.0,7752.0,108469.0,0.0,10.0,9.0,0.0,6743.0,0.8076139122884913,3.1467878827805045,7.146742387225843,0.2817736912353552,0.5263157894736842
202051,2020-12-13,34650.0,4320400.0,1974.0,40774.0,2833.0,91371.0,8284.0,7.0,96.0,7588.0,107636.0,0.0,3.0,6.0,0.0,6220.0,0.8020090732339599,3.1005461251381727,7.049685978668847,0.14469453376205788,0.3333333333333333
202052,2020-12-20,34343.0,4293919.0,1923.0,40528.0,2787.0,91609.0,8580.0,11.0,81.0,7623.0,106376.0,0.0,7.0,5.0,0.0,6543.0,0.7998054923718868,3.042277505485269,7.166090095510265,0.18340210912425492,0.5833333333333334
202053,2020-12-27,32898.0,3798503.0,1936.0,36085.0,2880.0,94396.0,8265.0,12.0,105.0,8152.0,110180.0,1.0,8.0,7.0,0.0,6287.0,0.8660780312665279,3.0509767363023856,7.39880196042839,0.2385875616351201,0.5333333333333333
202101,2021-01-03,35544.0,4360821.0,2009.0,41492.0,2786.0,89033.0,8803.0,13.0,99.0,7695.0,104620.0,0.0,7.0,4.0,0.0,6136.0,0.8150758767672418,3.1291768220772074,7.355190212196521,0.17926988265971316,0.6363636363636364
202102,2021-01-10,36270.0,4419439.0,1954.0,40445.0,2909.0,93380.0,9506.0,7.0,103.0,8089.0,109910.0,0.0,6.0,8.0,0.0,6228.0,0.8206924000987456,3.1152281002355964,7.3596579019197526,0.224791265253693,0.42857142857142855
202103,2021-01-17,37553.0,4554623.0,2216.0,40617.0,3652.0,91767.0,9851.0,11.0,139.0,9052.0,108004.0,0.0,6.0,7.0,0.0,7016.0,0.8245029281237987,3.9796440986411237,8.381171067738231,0.18529076396807298,0.46153846153846156
202104,2021-01-24,35705.0,4423987.0,1823.0,39821.0,3042.0,88712.0,8971.0,9.0,153.0,8167.0,102593.0,0.0,12.0,6.0,0.0,6417.0,0.8070774168188107,3.429073856975381,7.960582105991637,0.2805049088359046,0.6666666666666666
202105,2021-01-31,35226.0,4799909.0,1735.0,37456.0,2773.0,86094.0,9024.0,6.0,126.0,7453.0,102329.0,0.0,8.0,4.0,0.0,5967.0,0.7338889133106482,3.2208980881362232,7.283370305582973,0.20110608345902464,0.6666666666666666
202106,2021-02-07,24471.0,3010587.0,1574.0,20566.0,3159.0,112066.0,6535.0,5.0,133.0,9698.0,128487.0,0.0,5.0,9.0,1.0,5221.0,0.8128315175744797,2.818874591758428,7.547845307307354,0.2873012832790653,0.3333333333333333
202107,2021-02-14,24794.0,3403029.0,1696.0,36459.0,2628.0,104428.0,6588.0,4.0,121.0,8168.0,122922.0,0.0,4.0,6.0,0.0,5441.0,0.7285862095209885,2.5165664381200443,6.644864222840501,0.1837897445322551,0.4
202108,2021-02-21,26759.0,4272889.0,1773.0,43069.0,2422.0,89923.0,7228.0,7.0,89.0,6249.0,108688.0,0.0,6.0,4.0,0.0,5173.0,0.6262507638274712,2.693415477686465,5.7494847637273665,0.19331142470520007,0.6
202109,2021-02-28,24934.0,4116340.0,1608.0,38968.0,2213.0,89222.0,6422.0,5.0,56.0,5948.0,107603.0,0.0,4.0,2.0,0.0,4851.0,0.605732276731271,2.4803299634619265,5.527726922111837,0.12368583797155226,0.6666666666666666
202110,2021-03-07,26668.0,4354138.0,1681.0,40456.0,2280.0,88186.0,6712.0,3.0,69.0,5913.0,103819.0,0.0,3.0,6.0,0.0,4801.0,0.6124748457674056,2.585444401605697,5.6954892649707665,0.18746094563632576,0.3333333333333333
202111,2021-03-14,28113.0,4417246.0,1787.0,42740.0,2457.0,92235.0,6990.0,7.0,60.0,6336.0,109725.0,0.0,2.0,4.0,0.0,5060.0,0.6364372733599171,2.66384778012685,5.774436090225564,0.11857707509881422,0.3333333333333333
202112,2021-03-21,28317.0,4323493.0,1698.0,40582.0,2319.0,86920.0,7071.0,4.0,65.0,6280.0,102991.0,1.0,8.0,9.0,0.0,4736.0,0.6549565363006254,2.6679705476300044,6.097620180404113,0.3589527027027027,0.47058823529411764
202113,2021-03-28,28022.0,4237247.0,1802.0,39005.0,2763.0,96664.0,6517.0,5.0,65.0,7027.0,112453.0,0.0,3.0,4.0,0.0,4871.0,0.6613256201491204,2.8583547132334686,6.248832845722212,0.1437076575651817,0.42857142857142855
202114,2021-04-04,29909.0,4310680.0,1674.0,39463.0,2492.0,93636.0,7381.0,4.0,60.0,6822.0,111318.0,0.0,7.0,7.0,0.0,4800.0,0.693834847402266,2.661369558716733,6.128388939794103,0.2916666666666667,0.5
202115,2021-04-11,28544.0,4397122.0,1789.0,41317.0,2539.0,89921.0,6680.0,6.0,58.0,6499.0,106963.0,0.0,1.0,7.0,0.0,4720.0,0.6491518770686826,2.82358959531144,6.075932799192244,0.1694915254237288,0.125
202116,2021-04-18,28447.0,4360617.0,1856.0,41020.0,2635.0,90831.0,6766.0,10.0,53.0,6741.0,108653.0,0.0,3.0,5.0,0.0,4695.0,0.6523618102667581,2.9009919520868426,6.204154510229814,0.1703940362087327,0.375
202117,2021-04-25,27822.0,4182654.0,1727.0,41540.0,2617.0,91040.0,6462.0,5.0,72.0,6887.0,107888.0,0.0,5.0,11.0,0.0,4690.0,0.6651757472647749,2.874560632688928,6.383471748479905,0.3411513859275053,0.3125
202118,2021-05-02,27497.0,4281757.0,1896.0,40667.0,2960.0,93221.0,6636.0,4.0,84.0,7525.0,111211.0,0.0,4.0,8.0,0.0,5515.0,0.6421896431768548,3.175250211862134,6.766416991124979,0.21758839528558477,0.3333333333333333
202119,2021-05-09,26290.0,4139381.0,2081.0,40754.0,4080.0,103662.0,6260.0,10.0,197.0,13614.0,121962.0,0.0,6.0,19.0,0.0,8411.0,0.6351191156358885,3.9358684956879086,11.162493235597973,0.2972298180953513,0.24
202120,2021-05-16,23232.0,3365309.0,2104.0,25252.0,6991.0,102880.0,5196.0,11.0,459.0,26214.0,124354.0,0.0,3.0,8.0,0.0,7837.0,0.6903377966183789,6.795295489891135,21.080142174759157,0.14035983156820211,0.2727272727272727
202121,2021-05-23,22195.0,2861694.0,1903.0,22187.0,5063.0,78499.0,3791.0,8.0,371.0,20380.0,105900.0,0.0,2.0,6.0,0.0,5109.0,0.7755895633844848,6.449763691257213,19.244570349386212,0.15658641612840085,0.25
202122,2021-05-30,15467.0,2816756.0,1794.0,23982.0,4052.0,79605.0,3275.0,0.0,199.0,15012.0,97163.0,0.0,1.0,5.0,0.0,4658.0,0.5491068448953335,5.090132529363734,15.450325741280118,0.12881064834693,0.16666666666666666
202123,2021-06-06,15563.0,2968760.0,1751.0,25546.0,3758.0,86602.0,3115.0,3.0,85.0,15615.0,101885.0,0.0,2.0,2.0,0.0,4087.0,0.5242256026084965,4.33939169996074,15.326102959218726,0.09787129924149743,0.5
202124,2021-06-13,13075.0,2732025.0,1661.0,25892.0,3356.0,90587.0,2808.0,3.0,72.0,12022.0,105956.0,0.0,4.0,6.0,0.0,3902.0,0.4785827362487532,3.704725843664102,11.346219185322209,0.25627883136852897,0.4
202125,2021-06-20,13761.0,3027664.0,1550.0,27867.0,2863.0,84534.0,2805.0,1.0,22.0,10309.0,100342.0,0.0,1.0,1.0,0.0,4245.0,0.45450882264346376,3.3868029431944544,10.273863387215723,0.04711425206124853,0.5
202126,2021-06-27,13131.0,3190268.0,1194.0,22482.0,2065.0,59609.0,2720.0,3.0,21.0,10285.0,102122.0,0.0,1.0,3.0,0.0,3709.0,0.41159551485956664,3.4642419768826853,10.071287283836979,0.10784578053383662,0.25
202127,2021-07-04,13262.0,3317512.0,1000.0,22019.0,1361.0,49196.0,2483.0,1.0,10.0,7319.0,103453.0,0.0,3.0,1.0,0.0,3441.0,0.3997574085640082,2.766485080087812,7.07471025489836,0.11624527753560011,0.75
202128,2021-07-11,12853.0,3361555.0,1104.0,25680.0,1478.0,60475.0,2566.0,1.0,12.0,6930.0,105947.0,0.0,0.0,3.0,0.0,3850.0,0.38235280993468795,2.44398511781728,6.54100635223272,0.07792207792207792,0.0
202129,2021-07-18,12551.0,3300557.0,1131.0,28251.0,1500.0,65298.0,2576.0,3.0,14.0,6604.0,107662.0,0.0,4.0,4.0,0.0,3115.0,0.3802691485103878,2.297160709363227,6.134012000520146,0.2568218298555377,0.5
202130,2021-07-25,12518.0,3321110.0,1151.0,30041.0,1553.0,73285.0,2435.0,1.0,6.0,6746.0,111710.0,0.0,0.0,1.0,0.0,1855.0,0.3769221736106302,2.1191239680698644,6.03885059529138,0.05390835579514825,0.0
202131,2021-08-01,13148.0,3284407.0,1068.0,30703.0,1566.0,75125.0,2487.0,1.0,3.0,6014.0,104631.0,0.0,6.0,9.0,0.0,1889.0,0.4003157952105205,2.0845257903494177,5.747818524146763,0.7940709370037057,0.4
202132,2021-08-08,13590.0,3577451.0,1097.0,31244.0,1643.0,79816.0,2622.0,2.0,7.0,5707.0,110920.0,0.0,0.0,5.0,0.0,2217.0,0.3798794169368078,2.058484514383081,5.145149657410746,0.2255299954894001,0.0
202133,2021-08-15,12976.0,3574390.0,1098.0,32541.0,1670.0,79818.0,2519.0,2.0,8.0,5686.0,112861.0,0.0,1.0,5.0,0.0,2008.0,0.36302697802981765,2.0922598912525996,5.038055661388788,0.29880478087649404,0.16666666666666666
202134,2021-08-22,12933.0,3651156.0,1267.0,33143.0,1742.0,81567.0,2587.0,2.0,11.0,5877.0,114543.0,0.0,1.0,4.0,0.0,2037.0,0.3542165823645991,2.135667610675886,5.130824231947828,0.24545900834560627,0.2
202135,2021-08-29,13260.0,3762528.0,1118.0,32728.0,1726.0,85723.0,2541.0,2.0,12.0,6021.0,116847.0,0.0,1.0,8.0,0.0,2096.0,0.35242262648942413,2.0134619647002556,5.152892243703304,0.42938931297709926,0.1111111111111111
202136,2021-09-05,12987.0,3662631.0,1210.0,34948.0,1807.0,88382.0,2692.0,0.0,5.0,6753.0,121307.0,0.0,1.0,4.0,0.0,2201.0,0.35458117402490175,2.04453395487769,5.566867534437419,0.22716946842344388,0.2
202137,2021-09-12,13377.0,3829567.0,1165.0,35199.0,1677.0,87385.0,2699.0,1.0,5.0,6761.0,120194.0,0.0,1.0,2.0,0.0,2031.0,0.3493084205081149,1.9190936659609772,5.6250727989749905,0.14771048744460857,0.3333333333333333
202138,2021-09-19,11193.0,3308336.0,1167.0,29968.0,1768.0,94824.0,2477.0,0.0,8.0,6309.0,128842.0,0.0,2.0,2.0,0.0,2019.0,0.338327183212346,1.8645068758963976,4.896695177038543,0.1981178801386825,0.5
202139,2021-09-26,13776.0,4025096.0,1179.0,37608.0,1670.0,90806.0,2750.0,3.0,9.0,6459.0,125989.0,0.0,1.0,4.0,0.0,2257.0,0.3422527065192979,1.8390855229830627,5.126638039828874,0.22153300841825432,0.2
202140,2021-10-03,13755.0,3936257.0,1352.0,37496.0,1699.0,89995.0,2742.0,1.0,13.0,5794.0,124516.0,0.0,1.0,2.0,0.0,2388.0,0.34944364659116517,1.887882660147786,4.653217257219955,0.12562814070351758,0.3333333333333333
202141,2021-10-10,12913.0,3599092.0,1366.0,34692.0,1668.0,91566.0,2808.0,1.0,14.0,6550.0,125223.0,0.0,3.0,2.0,0.0,2358.0,0.35878493797880134,1.8216368521066773,5.230668487418446,0.21204410517387617,0.6
202142,2021-10-17,14611.0,3884612.0,1295.0,37822.0,1630.0,89656.0,3275.0,7.0,16.0,6134.0,120512.0,0.0,5.0,7.0,0.0,2438.0,0.3761250801881887,1.818060140983314,5.089949548592672,0.4922067268252666,0.4166666666666667
202143,2021-10-24,16392.0,3990013.0,1368.0,38699.0,1748.0,92828.0,3549.0,5.0,17.0,6660.0,122401.0,0.0,3.0,7.0,0.0,2361.0,0.4108257291392284,1.8830525272547076,5.441132016895287,0.4235493434985176,0.3
202144,2021-10-31,16871.0,4116906.0,1449.0,38615.0,1777.0,94233.0,3680.0,5.0,14.0,6785.0,125607.0,0.0,2.0,5.0,0.0,2302.0,0.4097980376525478,1.8857512760922395,5.401769009688951,0.3040834057341442,0.2857142857142857
202145,2021-11-07,16705.0,3896293.0,1270.0,38211.0,1629.0,87781.0,3932.0,4.0,15.0,6131.0,117040.0,0.0,3.0,4.0,0.0,2354.0,0.42874085701460335,1.8557546621706291,5.23838004101162,0.2973661852166525,0.42857142857142855
202146,2021-11-14,16328.0,3923026.0,1351.0,39628.0,1894.0,90808.0,3733.0,4.0,14.0,6637.0,121345.0,0.0,0.0,7.0,0.0,1971.0,0.416209324128874,2.0857193198837107,5.469529028802175,0.35514967021816335,0.0
202147,2021-11-21,16911.0,3789810.0,1337.0,38926.0,1650.0,85515.0,3957.0,2.0,9.0,6164.0,114513.0,0.0,2.0,3.0,0.0,2050.0,0.4462228977178275,1.9294860550780564,5.382794966510352,0.24390243902439024,0.4
202148,2021-11-28,17248.0,3933281.0,1298.0,38767.0,1766.0,85612.0,4071.0,4.0,17.0,6213.0,114602.0,0.0,3.0,6.0,0.0,2064.0,0.4385143090463153,2.0627949352894452,5.421371354775658,0.436046511627907,0.3333333333333333
202149,2021-12-05,18792.0,4047086.0,1416.0,39394.0,1813.0,87828.0,4689.0,3.0,7.0,6515.0,116546.0,0.0,5.0,5.0,0.0,1952.0,0.46433409124491054,2.064261966571025,5.590067441182023,0.5122950819672131,0.5
202150,2021-12-12,19049.0,3960736.0,1379.0,39177.0,1867.0,85992.0,4854.0,2.0,10.0,6560.0,113951.0,0.0,2.0,7.0,0.0,2251.0,0.48094596559831304,2.171132198344032,5.756860404910883,0.3998223011994669,0.2222222222222222
202151,2021-12-19,19757.0,3939430.0,1383.0,38807.0,1782.0,82519.0,4837.0,2.0,17.0,6010.0,110405.0,0.0,4.0,6.0,0.0,2144.0,0.5015192553237398,2.159502659993456,5.443594040124994,0.4664179104477612,0.4
202152,2021-12-26,18507.0,3614533.0,1359.0,35595.0,1883.0,85012.0,4514.0,4.0,11.0,6357.0,112788.0,0.0,3.0,8.0,0.0,2137.0,0.5120163517666044,2.214981414388557,5.636237897648686,0.5147402901263454,0.2727272727272727
202201,2022-01-02,22845.0,4309126.0,1462.0,38585.0,2067.0,87578.0,5511.0,2.0,28.0,7494.0,114602.0,0.0,2.0,6.0,0.0,2400.0,0.5301539105609815,2.3601817808125327,6.539152894364845,0.3333333333333333,0.25
202202,2022-01-09,24302.0,4252962.0,1458.0,37161.0,2165.0,86879.0,5787.0,3.0,27.0,8108.0,114620.0,0.0,1.0,8.0,0.0,2343.0,0.5714135230928469,2.4919715926748696,7.073809108358053,0.38412291933418696,0.1111111111111111
202203,2022-01-16,25447.0,4244288.0,1538.0,37515.0,2320.0,90198.0,5580.0,4.0,23.0,8695.0,120738.0,0.0,1.0,9.0,0.0,2332.0,0.5995587481339626,2.572119115723187,7.201543838725174,0.4288164665523156,0.1
202204,2022-01-23,26188.0,4812335.0,1371.0,31853.0,2077.0,94501.0,5503.0,1.0,11.0,9990.0,127835.0,0.0,4.0,7.0,0.0,2260.0,0.5441848915339434,2.197860340102221,7.814761215629522,0.48672566371681414,0.36363636363636365
202205,2022-01-30,6077.0,882968.0,1152.0,13918.0,1989.0,114853.0,1453.0,1.0,31.0,9470.0,146028.0,0.0,0.0,11.0,0.0,1524.0,0.6882469126853974,1.7317788825716351,6.485057660174761,0.7217847769028871,0.0
202206,2022-02-06,18415.0,4235421.0,1504.0,41960.0,2004.0,91123.0,3846.0,3.0,15.0,8440.0,129608.0,0.0,4.0,4.0,0.0,2365.0,0.4347855856596074,2.199225223050163,6.5119437071785695,0.3382663847780127,0.5
202207,2022-02-13,16562.0,3826821.0,1397.0,38933.0,1905.0,88067.0,3505.0,1.0,16.0,6837.0,122298.0,0.0,1.0,7.0,0.0,2162.0,0.43278742329468767,2.1631258019462454,5.590443016239023,0.3700277520814061,0.125
202208,2022-02-20,16874.0,3821589.0,1364.0,38100.0,1958.0,87705.0,3382.0,3.0,10.0,5720.0,120153.0,0.0,1.0,7.0,0.0,2087.0,0.44154408022422087,2.2324838948748646,4.760596905612012,0.3833253473885961,0.125
202209,2022-02-27,16715.0,3858842.0,1538.0,36179.0,2300.0,103553.0,3934.0,2.0,18.0,6545.0,138265.0,0.0,2.0,4.0,0.0,2043.0,0.4331610363938197,2.2210848550983555,4.7336636169674176,0.2936857562408223,0.3333333333333333
202210,2022-03-06,21363.0,4446923.0,1482.0,39011.0,1966.0,96206.0,4419.0,4.0,13.0,6159.0,128364.0,0.0,1.0,4.0,0.0,2385.0,0.48039959315688624,2.043531588466416,4.798074226418622,0.20964360587002095,0.2
202211,2022-03-13,22543.0,4533190.0,1537.0,38052.0,2149.0,97965.0,4334.0,0.0,13.0,6740.0,130359.0,0.0,0.0,5.0,0.0,2257.0,0.49728778189310396,2.193640585923544,5.170337299304229,0.22153300841825432,0.0
202212,2022-03-20,21864.0,4296975.0,1423.0,38422.0,1987.0,93038.0,4062.0,3.0,18.0,6243.0,125359.0,0.0,4.0,7.0,0.0,2161.0,0.5088230673904316,2.13568649369075,4.980097160953741,0.5090236001850995,0.36363636363636365
202213,2022-03-27,21381.0,4193065.0,1332.0,38315.0,1917.0,89201.0,3929.0,5.0,26.0,6406.0,124197.0,0.0,1.0,12.0,0.0,2209.0,0.5099133927091519,2.1490790461990334,5.157934571688527,0.5885015844273427,0.07692307692307693
202214,2022-04-03,18850.0,3653198.0,1443.0,31183.0,2113.0,100765.0,3935.0,1.0,18.0,8513.0,143611.0,0.0,3.0,2.0,0.0,1802.0,0.5159862673745031,2.0969582692403117,5.92781889966646,0.27746947835738067,0.6
202215,2022-04-10,20914.0,4328852.0,1631.0,39357.0,2313.0,98006.0,3908.0,0.0,17.0,9634.0,140357.0,0.0,2.0,8.0,0.0,2161.0,0.483130400392529,2.360059588188478,6.863925561247391,0.46274872744099954,0.2
202216,2022-04-17,21171.0,4237016.0,1498.0,37076.0,2322.0,103001.0,4157.0,2.0,13.0,17552.0,148004.0,0.0,1.0,3.0,0.0,1894.0,0.4996676906577648,2.2543470451743186,11.859138942190752,0.21119324181626187,0.25
202217,2022-04-24,18783.0,3792805.0,1725.0,35407.0,2585.0,128081.0,4196.0,1.0,10.0,33325.0,173980.0,0.0,0.0,1.0,0.0,1722.0,0.4952271471905358,2.0182540735940537,19.15450051730084,0.05807200929152149,0.0
202218,2022-05-01,20990.0,3880353.0,1632.0,32774.0,3215.0,150051.0,5000.0,5.0,15.0,55011.0,198284.0,0.0,2.0,4.0,0.0,1444.0,0.5409301679512147,2.1426048476851203,27.743539569506364,0.4155124653739612,0.3333333333333333
202219,2022-05-08,21960.0,3940297.0,1630.0,30764.0,5699.0,180843.0,5483.0,2.0,41.0,66999.0,225253.0,0.0,0.0,3.0,0.0,1443.0,0.557318395034689,3.151352277942746,29.743887983733845,0.2079002079002079,0.0
202220,2022-05-15,24927.0,4152855.0,1889.0,29040.0,5922.0,179102.0,6466.0,1.0,12.0,69141.0,227980.0,0.0,2.0,4.0,0.0,1382.0,0.6002376678212941,3.3064957398577346,30.327660321080796,0.4341534008683068,0.3333333333333333
202221,2022-05-22,23654.0,4000260.0,1815.0,29309.0,5014.0,155711.0,5697.0,0.0,16.0,44611.0,194864.0,0.0,1.0,3.0,0.0,1382.0,0.5913115647482914,3.2200679463878594,22.89340257820839,0.2894356005788712,0.25
202222,2022-05-29,19894.0,3828165.0,1818.0,25041.0,3781.0,128574.0,4937.0,4.0,11.0,20210.0,170186.0,0.0,3.0,3.0,0.0,1213.0,0.5196745699310243,2.94071896339851,11.875242381864549,0.494641384995878,0.5
202223,2022-06-05,23260.0,4556986.0,1906.0,31846.0,3136.0,122163.0,5123.0,0.0,8.0,17591.0,157155.0,0.0,2.0,1.0,0.0,1259.0,0.5104250923746529,2.56706204006123,11.193407782125927,0.23828435266084194,0.6666666666666666
202224,2022-06-12,22394.0,4511029.0,1846.0,33062.0,3143.0,115235.0,4729.0,2.0,21.0,15032.0,148972.0,0.0,5.0,4.0,0.0,1400.0,0.49642775517514964,2.7274699527053414,10.090486802889133,0.6428571428571429,0.5555555555555556
202225,2022-06-19,20656.0,4285609.0,1831.0,34057.0,2920.0,109918.0,3950.0,2.0,15.0,12349.0,139243.0,0.0,3.0,7.0,0.0,1267.0,0.4819851741024438,2.65652577375862,8.868668442937885,0.7892659826361483,0.3
202226,2022-06-26,19228.0,4134318.0,1647.0,35143.0,2528.0,107586.0,3625.0,1.0,11.0,11005.0,135427.0,0.0,1.0,2.0,0.0,1297.0,0.46508275367303625,2.349748108489952,8.126149143080774,0.2313030069390902,0.3333333333333333
202227,2022-07-03,18769.0,4178052.0,1624.0,36006.0,2441.0,105990.0,3407.0,1.0,9.0,9394.0,132841.0,0.0,0.0,3.0,0.0,1509.0,0.4492284921298251,2.303047457307293,7.071611927040597,0.1988071570576541,0.0
202228,2022-07-10,18268.0,4212517.0,1504.0,37083.0,2382.0,107733.0,3277.0,0.0,13.0,8929.0,133210.0,0.0,1.0,4.0,0.0,1607.0,0.43365997098646725,2.211021692517613,6.7029502289617895,0.3111387678904792,0.2
202229,2022-07-17,16672.0,3981482.0,1548.0,38330.0,2423.0,107925.0,3140.0,1.0,14.0,9011.0,133297.0,0.0,1.0,3.0,0.0,1613.0,0.4187385501177702,2.2450776001853137,6.760092125104091,0.24798512089274644,0.25
202230,2022-07-24,17488.0,4073806.0,1526.0,39208.0,2293.0,108254.0,3228.0,0.0,6.0,8852.0,132317.0,0.0,4.0,3.0,0.0,1613.0,0.4292791556593515,2.1181665342620133,6.689994482946258,0.4339739615623063,0.5714285714285714
202231,2022-07-31,17984.0,4132260.0,1349.0,36318.0,2119.0,103657.0,3265.0,1.0,6.0,8917.0,128846.0,0.0,5.0,7.0,0.0,1564.0,0.4352097883482646,2.044242067588296,6.920664979898484,0.7672634271099744,0.4166666666666667
202232,2022-08-07,19558.0,4174936.0,1489.0,35791.0,2175.0,105462.0,3533.0,1.0,17.0,9660.0,131912.0,0.0,1.0,5.0,0.0,1813.0,0.4684622710384063,2.0623542128918473,7.3230638607556555,0.3309431880860452,0.16666666666666666
202233,2022-08-14,20427.0,4284252.0,1495.0,37384.0,2161.0,107662.0,3819.0,3.0,12.0,10260.0,136597.0,0.0,2.0,4.0,0.0,1905.0,0.4767926816629834,2.00720774275046,7.511145925605979,0.31496062992125984,0.3333333333333333
202234,2022-08-21,20352.0,4340964.0,1515.0,36186.0,2317.0,111978.0,3929.0,5.0,22.0,10494.0,139808.0,0.0,9.0,0.0,0.0,1898.0,0.46883595441012643,2.0691564414438552,7.506008239871824,0.47418335089567965,1.0
202235,2022-08-28,22552.0,4512148.0,1547.0,39766.0,2405.0,115681.0,4448.0,3.0,25.0,11384.0,140979.0,0.0,26.0,5.0,0.0,1906.0,0.4998063006798536,2.0789930930749216,8.074961519091495,1.6264428121720882,0.8387096774193549
202236,2022-09-04,22450.0,4292560.0,1519.0,34931.0,2514.0,123278.0,4535.0,3.0,58.0,12764.0,148776.0,0.0,47.0,4.0,0.0,2157.0,0.5229979313043964,2.039293304563669,8.579340753885035,2.364394993045897,0.9215686274509803
202237,2022-09-11,27597.0,4949375.0,1757.0,41071.0,2933.0,128919.0,5936.0,11.0,119.0,13850.0,154810.0,0.0,81.0,9.0,1.0,3039.0,0.5575855537315317,2.2750719443991962,8.946450487694593,2.9944060546232314,0.8901098901098901
202238,2022-09-18,28782.0,4880551.0,1919.0,41317.0,3180.0,125100.0,6065.0,8.0,116.0,13616.0,148715.0,0.0,71.0,11.0,0.0,3567.0,0.589728495819427,2.5419664268585134,9.15576774367078,2.2988505747126435,0.8658536585365854
202239,2022-09-25,32448.0,5007764.0,2121.0,42618.0,3346.0,130238.0,6453.0,5.0,125.0,14331.0,153178.0,0.0,71.0,18.0,0.0,3997.0,0.6479538572504615,2.5691426465394125,9.355782161929259,2.2266700025018764,0.797752808988764
202240,2022-10-02,37298.0,5178274.0,2061.0,40158.0,3848.0,134517.0,7617.0,20.0,244.0,15947.0,157737.0,0.0,153.0,34.0,0.0,6088.0,0.7202786102087297,2.8606049792962973,10.109866423223467,3.07161629434954,0.8181818181818182
202241,2022-10-09,38912.0,4648718.0,2161.0,37993.0,4074.0,133729.0,7970.0,22.0,212.0,16829.0,156906.0,1.0,140.0,20.0,0.0,6647.0,0.8370479775284283,3.046459631044874,10.72552993512039,2.4071009477959984,0.875
202242,2022-10-16,42607.0,5037707.0,2281.0,42271.0,4124.0,122497.0,8467.0,9.0,272.0,15528.0,143588.0,0.0,166.0,28.0,0.0,6795.0,0.845761772171347,3.3666130599116713,10.814274173329247,2.8550404709345107,0.8556701030927835
202243,2022-10-23,45867.0,5062249.0,2499.0,42516.0,4283.0,120145.0,8622.0,12.0,234.0,15563.0,139014.0,0.0,153.0,38.0,0.0,7046.0,0.9060597374803175,3.5648591285529982,11.195275296013351,2.7107578768095375,0.8010471204188482
202244,2022-10-30,43894.0,4844408.0,2340.0,41533.0,4160.0,113992.0,7926.0,14.0,210.0,13935.0,131040.0,2.0,115.0,37.0,1.0,6708.0,0.9060756236881782,3.6493789037827216,10.63415750915751,2.2808586762075134,0.7516339869281046
202245,2022-11-06,41329.0,4706386.0,2282.0,41218.0,3792.0,110449.0,7841.0,19.0,206.0,12878.0,128983.0,1.0,118.0,42.0,1.0,6094.0,0.8781472662888254,3.4332587891243924,9.984261491824505,2.6419428946504757,0.7329192546583851
202246,2022-11-13,38779.0,4681376.0,2180.0,41879.0,3598.0,110551.0,7714.0,21.0,236.0,11914.0,126156.0,6.0,140.0,40.0,1.0,5853.0,0.8283675568892565,3.254606471221427,9.443863153555915,3.0924312318469163,0.7734806629834254
202247,2022-11-20,35210.0,4466985.0,2107.0,41400.0,3352.0,103387.0,7136.0,21.0,287.0,10756.0,119805.0,1.0,159.0,39.0,0.0,5316.0,0.7882274061811266,3.2421871221720333,8.977922457326489,3.724604966139955,0.803030303030303
202248,2022-11-27,32299.0,4371237.0,1889.0,39322.0,3115.0,95857.0,7911.0,22.0,329.0,10534.0,119087.0,3.0,223.0,44.0,0.0,5849.0,0.7388983942074063,3.2496322647276674,8.845633864317684,4.564882885963413,0.8352059925093633
202249,2022-12-04,34048.0,4503683.0,1992.0,41366.0,3126.0,97789.0,8746.0,22.0,366.0,9854.0,114844.0,0.0,158.0,39.0,1.0,5609.0,0.7560034753778185,3.1966785630285615,8.58033506321619,3.530041005526832,0.797979797979798
202250,2022-12-11,34122.0,4434401.0,2042.0,41995.0,3151.0,95474.0,9327.0,25.0,340.0,9959.0,113366.0,4.0,158.0,54.0,0.0,5944.0,0.7694838603906142,3.3003749711963466,8.784820845756224,3.566621803499327,0.7452830188679245
202251,2022-12-18,35641.0,4705295.0,2023.0,41960.0,3302.0,101966.0,10185.0,38.0,363.0,10437.0,116242.0,2.0,131.0,41.0,2.0,5786.0,0.757465791199064,3.238334346743032,8.97868240395038,3.0072589007950223,0.7528735632183908
202252,2022-12-25,40042.0,5041897.0,2324.0,42789.0,3762.0,109184.0,11943.0,24.0,449.0,11691.0,124997.0,2.0,187.0,43.0,0.0,6617.0,0.7941852044974342,3.4455597889800704,9.353024472587341,3.475895420885598,0.8130434782608695
202301,2023-01-01,37420.0,4543049.0,2182.0,38934.0,3712.0,112239.0,11417.0,29.0,522.0,12417.0,131356.0,0.0,263.0,58.0,1.0,6980.0,0.8236759057628478,3.307228325270182,9.452937056548617,4.613180515759312,0.8167701863354038
202302,2023-01-08,41049.0,5167973.0,2136.0,41839.0,3867.0,111497.0,12375.0,34.0,613.0,11807.0,131205.0,1.0,298.0,41.0,1.0,7755.0,0.7942959454316034,3.4682547512489124,8.998894859189818,4.3842682140554485,0.8764705882352941
202303,2023-01-15,43252.0,5142519.0,1898.0,29422.0,3542.0,112904.0,12856.0,24.0,524.0,11505.0,131408.0,2.0,262.0,39.0,2.0,7113.0,0.8410664112276494,3.13717848791894,8.755174723000122,4.259805989034163,0.8646864686468647
202304,2023-01-22,19871.0,1790737.0,1938.0,22173.0,4858.0,156035.0,6221.0,31.0,1077.0,20226.0,179282.0,8.0,519.0,55.0,0.0,9698.0,1.1096548516057914,3.113404043964495,11.281667986747136,5.918746133223345,0.9041811846689896
202305,2023-01-29,41658.0,5062400.0,2334.0,47859.0,4367.0,119352.0,13906.0,33.0,714.0,12879.0,137628.0,7.0,428.0,38.0,0.0,8366.0,0.8228903286978508,3.658924860915611,9.357834161653152,5.57016495338274,0.9184549356223176
202306,2023-02-05,38333.0,4751652.0,2304.0,43701.0,4340.0,112022.0,13109.0,48.0,837.0,11927.0,130137.0,7.0,468.0,29.0,0.0,8695.0,0.8067299541296374,3.8742389887700632,9.164956930004534,5.715928694652099,0.9416498993963782
202307,2023-02-12,39506.0,4732069.0,2132.0,42709.0,3899.0,109776.0,13760.0,40.0,836.0,11434.0,128692.0,5.0,513.0,28.0,0.0,8962.0,0.8348568036518487,3.5517781664480395,8.884779162651913,6.036598973443428,0.9482439926062847
202308,2023-02-19,41196.0,4714342.0,2096.0,43649.0,3753.0,103973.0,13984.0,27.0,705.0,10517.0,121605.0,3.0,373.0,30.0,1.0,8544.0,0.8738441122854472,3.6095909514970232,8.648493071830927,4.728464419475656,0.9232673267326733
202309,2023-02-26,39568.0,4445425.0,2082.0,39346.0,3843.0,108845.0,13522.0,51.0,720.0,11110.0,128150.0,5.0,354.0,30.0,5.0,8390.0,0.8900836253001682,3.530708806100418,8.669527896995708,4.636471990464839,0.910025706940874
202310,2023-03-05,42919.0,5032784.0,2236.0,43150.0,3911.0,108087.0,14097.0,62.0,603.0,10672.0,126169.0,2.0,309.0,42.0,0.0,9459.0,0.8527884367777357,3.6183814889857246,8.458496144060744,3.7107516650808754,0.8803418803418803
202311,2023-03-12,43160.0,4966620.0,2146.0,42462.0,3840.0,104553.0,13485.0,37.0,614.0,10603.0,124006.0,3.0,307.0,46.0,1.0,9560.0,0.8690014537049341,3.672778399472038,8.550392722932761,3.702928870292887,0.867231638418079
202312,2023-03-19,41040.0,4672366.0,2140.0,42520.0,3812.0,104236.0,13075.0,36.0,574.0,10627.0,123522.0,3.0,305.0,33.0,0.0,9393.0,0.8783558479793749,3.6570858436624585,8.603325723352924,3.598424358564889,0.9023668639053254
202313,2023-03-26,43538.0,4738164.0,2096.0,42615.0,3598.0,99424.0,13896.0,43.0,667.0,9895.0,116328.0,5.0,393.0,38.0,0.0,9319.0,0.9188791270205083,3.618844544576762,8.506120624441236,4.624959759630862,0.9118329466357309
202314,2023-04-02,38618.0,3851090.0,2028.0,33486.0,4333.0,114627.0,14250.0,43.0,1115.0,11937.0,128729.0,9.0,509.0,60.0,0.0,9990.0,1.002781030825039,3.780086716044213,9.272968794910238,5.6956956956956954,0.8945518453427065
202315,2023-04-09,46375.0,5027761.0,2153.0,45091.0,4262.0,106334.0,16932.0,69.0,967.0,11042.0,121121.0,22.0,532.0,52.0,1.0,10787.0,0.9223787686009737,4.008125340906954,9.116503331379365,5.423194586075832,0.9094017094017094
202316,2023-04-16,46418.0,4504319.0,2302.0,43606.0,4550.0,108520.0,18378.0,89.0,1222.0,11431.0,120663.0,18.0,597.0,44.0,1.0,12175.0,1.0305220389586085,4.192775525248802,9.473492288439704,5.2731006160164275,0.9299065420560748
202317,2023-04-23,52235.0,4821480.0,2351.0,43927.0,4830.0,110851.0,21549.0,74.0,1370.0,12208.0,122857.0,23.0,699.0,37.0,1.0,12898.0,1.083381036528203,4.3572002056815,9.936755740413652,5.71406419599938,0.9484396200814111
202318,2023-04-30,55863.0,4816611.0,2522.0,42669.0,5344.0,117931.0,23739.0,114.0,1636.0,13683.0,129764.0,17.0,844.0,33.0,3.0,14569.0,1.1597988710319351,4.531463313293367,10.544526987454148,6.0402223900061776,0.9590909090909091
202319,2023-05-07,59965.0,5040516.0,2540.0,43223.0,5532.0,115299.0,26264.0,115.0,1747.0,13599.0,125044.0,18.0,840.0,27.0,0.0,15710.0,1.18965994751331,4.797960086384097,10.875371869102077,5.518777848504137,0.9688581314878892
202320,2023-05-14,63582.0,5030759.0,2690.0,44497.0,6303.0,122761.0,28759.0,124.0,1921.0,14705.0,130078.0,26.0,928.0,31.0,1.0,17398.0,1.263864955566347,5.134366777722566,11.304755608173558,5.517875617887113,0.9666666666666667
202321,2023-05-21,66686.0,5105944.0,2846.0,45498.0,6571.0,127049.0,31162.0,145.0,2070.0,15310.0,134786.0,26.0,996.0,23.0,2.0,19589.0,1.306046443125894,5.172020244157766,11.358746457347202,5.212108836591965,0.9755142017629774
202322,2023-05-28,68766.0,5033900.0,2991.0,45043.0,6983.0,130420.0,33450.0,138.0,2390.0,16245.0,140371.0,23.0,1021.0,27.0,1.0,19931.0,1.366058125906355,5.354240147216685,11.572903234998682,5.2631578947368425,0.9733079122974261
202323,2023-06-04,69219.0,5193940.0,2738.0,43966.0,6740.0,129658.0,33570.0,135.0,2351.0,16151.0,141783.0,31.0,1011.0,31.0,4.0,20541.0,1.332687709137957,5.198290888337009,11.391351572473427,5.0922545153595244,0.9665391969407265
202324,2023-06-11,69020.0,5034596.0,2788.0,44422.0,6954.0,130244.0,34271.0,160.0,2507.0,16174.0,140829.0,28.0,1162.0,27.0,1.0,21178.0,1.3709143692959673,5.339209483738214,11.484850421433086,5.619038624988195,0.9764705882352941
202325,2023-06-18,62939.0,4294539.0,2885.0,38809.0,7457.0,140068.0,32616.0,177.0,2981.0,17915.0,151940.0,21.0,1290.0,37.0,3.0,21875.0,1.4655589342651214,5.323842704971871,11.790838488877188,6.08,0.9699248120300752
202326,2023-06-25,64823.0,5014445.0,2848.0,46270.0,6884.0,130560.0,32799.0,151.0,2537.0,15894.0,141958.0,26.0,1076.0,21.0,3.0,20289.0,1.2927253165604569,5.272671568627451,11.19626931909438,5.421657055547341,0.9781818181818182
202327,2023-07-02,59600.0,4892007.0,2801.0,44925.0,6641.0,124101.0,29621.0,158.0,2386.0,14404.0,134924.0,28.0,1135.0,15.0,2.0,19782.0,1.218313874039837,5.351286452163963,10.67563961934126,5.823475887170154,0.9852430555555556
202328,2023-07-09,56612.0,4622830.0,2571.0,44680.0,6160.0,120816.0,28822.0,123.0,2134.0,13176.0,131680.0,30.0,1087.0,17.0,3.0,19249.0,1.2246178206855973,5.098662428817375,10.006075334143377,5.750948101200063,0.98193315266486
202329,2023-07-16,55539.0,4571426.0,2463.0,44816.0,5536.0,115941.0,27859.0,132.0,2054.0,12094.0,125026.0,25.0,1046.0,17.0,4.0,18423.0,1.2149163083904235,4.7748423767260935,9.673187976900804,5.791673451663681,0.9803186504217432
202330,2023-07-23,52428.0,4133842.0,2289.0,43948.0,5616.0,111438.0,27244.0,144.0,2127.0,11905.0,121334.0,25.0,1066.0,8.0,3.0,17320.0,1.2682632766322468,5.0395735745436925,9.811759276047933,6.21824480369515,0.989786443825441
202331,2023-07-30,53125.0,4353772.0,2158.0,43579.0,5591.0,109930.0,28332.0,135.0,2331.0,11474.0,119132.0,28.0,1076.0,19.0,0.0,16885.0,1.220206294679648,5.085963795142363,9.631333310949199,6.48504589872668,0.982648401826484
202332,2023-08-06,58395.0,4499581.0,2350.0,45012.0,5880.0,112170.0,32254.0,181.0,2540.0,11913.0,122515.0,26.0,1221.0,22.0,3.0,18928.0,1.297787505103253,5.242043327092806,9.7237073011468,6.5828402366863905,0.9799357945425361
202333,2023-08-13,64937.0,4541615.0,2394.0,43960.0,6189.0,110458.0,37679.0,172.0,2863.0,12647.0,121208.0,38.0,1451.0,20.0,2.0,19514.0,1.4298217704494987,5.603034637599812,10.434129760411855,7.548426770523727,0.9850644942294636
202334,2023-08-20,70653.0,4596874.0,2476.0,42441.0,6970.0,113400.0,42486.0,189.0,3319.0,13423.0,123497.0,37.0,1668.0,36.0,4.0,21852.0,1.536979260253816,6.146384479717813,10.869089937407386,7.8162181951308805,0.9765807962529274
202335,2023-08-27,76081.0,4680324.0,2688.0,41953.0,7093.0,114937.0,45963.0,225.0,3336.0,13836.0,123719.0,54.0,1715.0,40.0,1.0,22416.0,1.6255498550955019,6.171206835048766,11.183407560681868,7.833690221270521,0.9766514806378133
202336,2023-09-03,78593.0,4596558.0,2523.0,41596.0,7076.0,115100.0,47775.0,232.0,3413.0,14285.0,123805.0,25.0,1632.0,33.0,4.0,22192.0,1.7098228718097324,6.147697654213728,11.538306207342192,7.520728190338861,0.9778310365488316
202337,2023-09-10,90946.0,4931896.0,2660.0,42253.0,7822.0,117906.0,57293.0,219.0,3730.0,15667.0,127999.0,39.0,1764.0,36.0,3.0,24481.0,1.844037262748444,6.634098349532678,12.239939374526363,7.364895224868265,0.978369384359401
202338,2023-09-17,97299.0,5036475.0,2715.0,46455.0,8370.0,124503.0,61507.0,211.0,3931.0,16786.0,132646.0,50.0,1685.0,54.0,4.0,26182.0,1.9318868851726654,6.722729572781379,12.654735159748503,6.657245435795585,0.9667240390131956
202339,2023-09-24,97434.0,4626208.0,2752.0,40509.0,9475.0,135602.0,62050.0,233.0,4881.0,18949.0,143257.0,37.0,1864.0,41.0,2.0,27394.0,2.106130982437452,6.987360068435569,13.227276852090997,6.9613784040300795,0.9774514944939696
202340,2023-10-01,95324.0,5023159.0,2750.0,46039.0,8803.0,130404.0,57889.0,220.0,4376.0,18875.0,141296.0,35.0,1964.0,53.0,7.0,27514.0,1.8976902781695741,6.750559798779179,13.358481485675462,7.35625499745584,0.9703557312252964
202341,2023-10-08,78720.0,4595866.0,2639.0,40093.0,7956.0,126167.0,46541.0,184.0,3715.0,16724.0,133728.0,25.0,1533.0,64.0,11.0,24622.0,1.7128436729878547,6.305927857522173,12.505982292414453,6.530744862318252,0.9533582089552238
202342,2023-10-15,77017.0,5070124.0,2543.0,44763.0,6677.0,115932.0,43451.0,161.0,2785.0,14388.0,123789.0,27.0,1086.0,73.0,2.0,22138.0,1.5190358263427088,5.759410689024601,11.62300365945278,5.2443761857439695,0.9354005167958657
202343,2023-10-22,75035.0,4973498.0,2496.0,45052.0,6314.0,115530.0,42373.0,176.0,2595.0,13801.0,124376.0,21.0,1050.0,67.0,3.0,21929.0,1.5086966959673052,5.465247121959664,11.096192191419567,5.107392037940627,0.9375
202344,2023-10-29,78317.0,5148956.0,2510.0,45356.0,6396.0,115801.0,44047.0,141.0,2480.0,13426.0,123499.0,20.0,969.0,80.0,1.0,21909.0,1.5210267867893996,5.523268365558156,10.871343087798282,4.792551006435711,0.9228571428571428
202345,2023-11-05,80842.0,5203254.0,2588.0,45324.0,6453.0,116998.0,43300.0,114.0,2431.0,13963.0,124516.0,15.0,847.0,118.0,0.0,22378.0,1.553681600014145,5.515478897075163,11.213819910694207,4.312270980427205,0.877720207253886
202346,2023-11-12,75457.0,5128515.0,2472.0,45258.0,5515.0,110251.0,38207.0,102.0,1905.0,12550.0,116385.0,17.0,675.0,84.0,2.0,19437.0,1.4713225953321771,5.002222202066195,10.783176526184645,3.9152132530740342,0.8869908015768725
202347,2023-11-19,77321.0,5346213.0,2588.0,44955.0,5667.0,112918.0,38535.0,104.0,1767.0,13110.0,119470.0,11.0,714.0,113.0,1.0,19892.0,1.44627608365024,5.018686126215484,10.97346614212773,4.162477377840338,0.8623188405797102
202348,2023-11-26,81026.0,5337912.0,2618.0,44973.0,5897.0,112611.0,37182.0,83.0,1741.0,13772.0,120029.0,19.0,713.0,112.0,1.0,21083.0,1.5179343533576424,5.236610988269352,11.47389380899616,3.9178485035336528,0.8631961259079903
202349,2023-12-03,78303.0,5188722.0,2571.0,44673.0,5743.0,110813.0,37048.0,90.0,1786.0,13614.0,118521.0,12.0,673.0,128.0,2.0,19609.0,1.5090999286529516,5.182604929024573,11.486571999898752,4.095058391554899,0.838107098381071
202350,2023-12-10,83620.0,5328337.0,2595.0,45724.0,6360.0,115373.0,42934.0,110.0,2231.0,14043.0,120471.0,21.0,864.0,177.0,2.0,21547.0,1.5693451821834843,5.5125549305296735,11.656747266977115,4.840581055367337,0.8283796740172579
202351,2023-12-17,83696.0,5078811.0,2483.0,44493.0,6189.0,104575.0,45027.0,106.0,2412.0,13177.0,109716.0,18.0,945.0,202.0,2.0,18544.0,1.6479447650247272,5.918240497250777,12.010098800539575,6.196074201898188,0.8224543080939948
202352,2023-12-24,105712.0,5552002.0,2862.0,45961.0,7571.0,113064.0,62372.0,152.0,3294.0,15895.0,120066.0,32.0,1294.0,268.0,2.0,24327.0,1.9040338962413919,6.69620745772306,13.23855212966202,6.429070580013976,0.8273657289002557
202401,2023-12-31,115674.0,5255642.0,3057.0,43730.0,10023.0,127980.0,71666.0,219.0,4996.0,20431.0,135519.0,40.0,1771.0,378.0,2.0,27360.0,2.2009489991898232,7.831692451945616,15.076114788332264,7.8618421052631575,0.8233379823337982
202402,2024-01-07,122445.0,5797780.0,3283.0,47578.0,9385.0,119180.0,73423.0,222.0,4319.0,18952.0,126726.0,40.0,1587.0,377.0,8.0,27392.0,2.111929048704849,7.8746433965430445,14.955099979483295,7.199182242990654,0.8047667342799188
202403,2024-01-14,122131.0,5833186.0,3361.0,49222.0,9529.0,118733.0,73043.0,209.0,4356.0,18817.0,127773.0,35.0,1563.0,314.0,7.0,27463.0,2.0937271672804534,8.025569976333454,14.726898484030272,6.8601390962385755,0.8296178343949044
202404,2024-01-21,110479.0,5304512.0,3153.0,47475.0,8270.0,108970.0,65133.0,203.0,3737.0,16392.0,115935.0,34.0,1335.0,265.0,5.0,23668.0,2.0827363572747126,7.589244746260438,14.13895717427869,6.781308095318574,0.8317757009345794
202405,2024-01-28,119067.0,5979551.0,3265.0,46926.0,9292.0,122448.0,71735.0,221.0,3971.0,17793.0,126663.0,31.0,1405.0,326.0,7.0,25721.0,1.9912364657480135,7.588527374885666,14.047511901660311,6.757124528595312,0.8084004602991944
202406,2024-02-04,98470.0,4850505.0,2649.0,27943.0,9694.0,136177.0,56889.0,192.0,4702.0,21159.0,142072.0,34.0,1449.0,360.0,3.0,26823.0,2.0300978970230936,7.118676428471768,14.89315276761079,6.75539648808858,0.7996688741721855
202407,2024-02-11,82508.0,3622676.0,3273.0,36621.0,13158.0,163925.0,50119.0,225.0,6730.0,29809.0,169050.0,43.0,1793.0,462.0,2.0,33949.0,2.2775428992269804,8.026841543388745,17.6332446021887,6.648207605525936,0.79441736818786
202408,2024-02-18,107291.0,5762946.0,3277.0,52228.0,9272.0,124870.0,63081.0,247.0,4070.0,17911.0,131026.0,38.0,1242.0,373.0,3.0,26188.0,1.8617387704136044,7.425322335228638,13.669805992703738,6.178402321674049,0.7676143386897404
202409,2024-02-25,97967.0,5033960.0,2895.0,43920.0,7732.0,111057.0,58308.0,219.0,3373.0,15448.0,116854.0,36.0,1025.0,311.0,3.0,21946.0,1.9461219397849805,6.96219058681578,13.219915450048779,6.101339651872778,0.765496639283047
202410,2024-03-03,100582.0,5525624.0,2832.0,45520.0,7217.0,108557.0,60329.0,204.0,3051.0,14495.0,116489.0,22.0,1037.0,304.0,2.0,21226.0,1.820283102867658,6.648120342308649,12.44323498356068,6.327145953076416,0.7721518987341772
202411,2024-03-10,103494.0,5449703.0,2954.0,46518.0,7635.0,110419.0,62350.0,229.0,3088.0,14955.0,119049.0,31.0,986.0,443.0,2.0,22088.0,1.8990759679931182,6.914570861898768,12.56205428017035,6.478630930822166,0.6890286512928022
202412,2024-03-17,100584.0,5502351.0,3039.0,46142.0,7382.0,112081.0,58334.0,193.0,2948.0,14516.0,120544.0,20.0,890.0,399.0,3.0,21915.0,1.8280186051380583,6.5863081164514945,12.042075922484736,5.895505361624458,0.6888544891640866
202413,2024-03-24,91094.0,5273086.0,3104.0,46307.0,7206.0,116032.0,51058.0,202.0,2707.0,14549.0,126069.0,18.0,815.0,402.0,0.0,23242.0,1.7275272961601613,6.2103557639271925,11.540505596141795,5.236210308923501,0.6696795398520953
202414,2024-03-31,76590.0,4240967.0,2808.0,38279.0,7260.0,125067.0,43581.0,169.0,2877.0,14934.0,135773.0,27.0,770.0,350.0,1.0,21465.0,1.8059560472882719,5.804888579721269,10.999241380834187,5.222455159562077,0.6868867082961642
202415,2024-04-07,84769.0,5356084.0,2892.0,50570.0,6752.0,115322.0,46075.0,171.0,2688.0,13503.0,125619.0,16.0,816.0,310.0,1.0,20626.0,1.5826674861708667,5.854910598151263,10.749170109617175,5.463977504121012,0.7240461401952085
202416,2024-04-14,85554.0,5157313.0,3079.0,48872.0,7014.0,113730.0,46639.0,187.0,2598.0,13666.0,124008.0,36.0,822.0,325.0,2.0,20988.0,1.6588870987663538,6.167238195726721,11.02025675762854,5.474556889651229,0.7154046997389034
202417,2024-04-21,85031.0,4923049.0,2999.0,47515.0,6961.0,109057.0,46735.0,193.0,2722.0,13490.0,120658.0,30.0,975.0,271.0,1.0,21078.0,1.727201983973753,6.38290068496291,11.18036102040478,5.916121074105702,0.7818765036086608
202418,2024-04-28,85945.0,5092558.0,3118.0,46862.0,7317.0,113600.0,45881.0,219.0,2928.0,14568.0,125420.0,40.0,1096.0,310.0,4.0,22634.0,1.6876587365327995,6.441021126760563,11.61537234890767,6.229566139436247,0.7773049645390071
202419,2024-05-05,82471.0,5246762.0,3186.0,49094.0,7478.0,116117.0,40937.0,214.0,2815.0,15043.0,127301.0,49.0,1247.0,327.0,3.0,23178.0,1.5718456449901863,6.440056150262236,11.816874965632634,6.803865734748468,0.7907419150285352
202420,2024-05-12,80316.0,5358932.0,3234.0,48663.0,7156.0,113796.0,36177.0,194.0,2333.0,14247.0,123874.0,27.0,894.0,220.0,1.0,21603.0,1.4987314636573108,6.288445991071742,11.501202835138931,5.161320187011063,0.8017937219730942
202421,2024-05-19,73712.0,5057748.0,3156.0,48691.0,6653.0,113404.0,32293.0,166.0,1947.0,13206.0,121640.0,34.0,923.0,203.0,1.0,21100.0,1.4574075260372799,5.866636097492152,10.856626109832291,5.341232227488152,0.8189884649511979
202422,2024-05-26,76676.0,5075450.0,3010.0,46598.0,7076.0,114990.0,36163.0,190.0,2431.0,13526.0,120905.0,44.0,1111.0,208.0,1.0,21747.0,1.510723187106562,6.153578572049743,11.187295810760514,6.0698027314112295,0.8416666666666667
202423,2024-06-02,82724.0,5249803.0,3152.0,47244.0,7030.0,112996.0,40514.0,208.0,2539.0,13623.0,120516.0,36.0,1162.0,195.0,6.0,21365.0,1.5757543664019393,6.2214591666961665,11.303893258986358,6.37959279194945,0.8525311812179017
202424,2024-06-09,83005.0,4839280.0,3298.0,44728.0,8667.0,129921.0,43719.0,239.0,3310.0,17049.0,137934.0,67.0,1311.0,231.0,1.0,26191.0,1.7152344976938718,6.670976978317593,12.36025925442603,5.891336718720171,0.8496435515230071
202425,2024-06-16,91084.0,5412065.0,3301.0,47891.0,8639.0,127913.0,48451.0,253.0,3290.0,16552.0,136429.0,71.0,1636.0,203.0,4.0,28711.0,1.6829805259175563,6.753809229710819,12.132317908948977,6.419142488941521,0.887683125339121
202426,2024-06-23,95735.0,5303970.0,3258.0,47633.0,8927.0,131134.0,53575.0,239.0,3707.0,17047.0,140585.0,67.0,1752.0,148.0,5.0,30877.0,1.8049687309694435,6.8075403785440844,12.125760216239286,6.169640832982479,0.9196850393700787
202427,2024-06-30,100686.0,5334891.0,3210.0,48282.0,8748.0,129250.0,57025.0,244.0,3474.0,16629.0,138870.0,59.0,1513.0,144.0,12.0,29860.0,1.8873112871471975,6.768278529980658,11.97450853316051,5.5894172806430005,0.9065308568004793
202428,2024-07-07,93174.0,5241176.0,3183.0,49108.0,7987.0,123509.0,50775.0,217.0,3022.0,15089.0,131718.0,54.0,1419.0,94.0,4.0,28602.0,1.7777307993473221,6.466735217676445,11.455533791888731,5.303824907349137,0.9353988134475939
202429,2024-07-14,86936.0,5125195.0,3006.0,45715.0,7496.0,119565.0,45723.0,206.0,2660.0,13779.0,128156.0,56.0,1245.0,81.0,4.0,26664.0,1.6962476549672745,6.269393217078576,10.751740066793595,4.987998799879988,0.9360902255639098
202430,2024-07-21,64311.0,3772959.0,2733.0,41118.0,7340.0,124279.0,31520.0,146.0,2576.0,14273.0,131796.0,45.0,1115.0,82.0,3.0,23723.0,1.7045242209099012,5.906066189782666,10.829615466326747,5.058382160772246,0.9291666666666667
202431,2024-07-28,65656.0,4902199.0,2549.0,43760.0,5898.0,112188.0,28744.0,141.0,1683.0,10770.0,120177.0,38.0,814.0,51.0,4.0,18913.0,1.3393173145357828,5.257246764359825,8.961781372475599,4.5947232062602446,0.9367088607594937
202432,2024-08-04,62036.0,4829147.0,2595.0,42800.0,5731.0,107900.0,25884.0,151.0,1567.0,10678.0,116665.0,38.0,776.0,49.0,6.0,19234.0,1.2846161030094962,5.311399443929564,9.152702181459736,4.320474160341063,0.9338146811070999
202433,2024-08-11,64771.0,4834472.0,2622.0,42765.0,5747.0,107989.0,26388.0,119.0,1616.0,10934.0,116435.0,48.0,809.0,60.0,3.0,20040.0,1.339774022892262,5.321838335386012,9.390647142182333,4.351297405189621,0.9277522935779816
202434,2024-08-18,65696.0,4911845.0,2640.0,43200.0,5840.0,109701.0,26196.0,130.0,1535.0,10923.0,116730.0,34.0,813.0,49.0,0.0,20048.0,1.337501488748118,5.323561316669857,9.357491647391416,4.299680766161213,0.9431554524361949
202435,2024-08-25,67714.0,5080923.0,2614.0,41732.0,6121.0,113263.0,26055.0,130.0,1618.0,11422.0,119479.0,31.0,757.0,75.0,0.0,20559.0,1.332710611831748,5.404236158321782,9.559838967517305,4.046889440147867,0.9098557692307693
202436,2024-09-01,65731.0,4982108.0,2566.0,44437.0,5808.0,111882.0,24719.0,96.0,1391.0,11081.0,119055.0,21.0,725.0,55.0,2.0,18960.0,1.319341130300668,5.191183568402424,9.307462937297888,4.124472573839663,0.9271099744245525
202437,2024-09-08,66522.0,5117862.0,2696.0,46282.0,5709.0,113375.0,24878.0,106.0,1478.0,11246.0,120895.0,24.0,710.0,53.0,3.0,17620.0,1.2998005807894,5.035501653803749,9.302287108648,4.34733257661748,0.9268929503916449
202438,2024-09-15,65240.0,4724552.0,2835.0,42315.0,6179.0,123288.0,25667.0,165.0,1758.0,12450.0,130672.0,31.0,907.0,54.0,0.0,19170.0,1.3808716678322093,5.011842190643047,9.527672339904493,5.0130412102243085,0.9438085327783559
202439,2024-09-22,73496.0,5358012.0,2763.0,46501.0,6212.0,113660.0,29419.0,156.0,1814.0,12241.0,122071.0,48.0,959.0,56.0,3.0,19922.0,1.371702788272964,5.465423191976069,10.027770723595285,5.109928722015862,0.9420432220039293
202440,2024-09-29,65767.0,4258715.0,2759.0,41486.0,7231.0,124226.0,27732.0,170.0,2384.0,15199.0,132178.0,53.0,1149.0,58.0,3.0,21100.0,1.5442921162839025,5.820842657736706,11.498887863335804,5.734597156398104,0.9495867768595041
202441,2024-10-06,69286.0,5175105.0,2840.0,42677.0,6409.0,116025.0,27311.0,144.0,1853.0,12578.0,123804.0,45.0,907.0,55.0,1.0,18149.0,1.3388327386594088,5.523809523809524,10.159607120933087,5.306077469833049,0.9418483904465212
202442,2024-10-13,70520.0,5338022.0,2997.0,46892.0,6482.0,115012.0,27740.0,132.0,1687.0,12598.0,124337.0,34.0,836.0,58.0,0.0,19273.0,1.3210885979862952,5.635933641706952,10.132140875202072,4.638613604524465,0.9351230425055929
202443,2024-10-20,70716.0,5185818.0,2967.0,46555.0,6100.0,111808.0,27473.0,117.0,1551.0,12249.0,120565.0,34.0,720.0,58.0,1.0,18147.0,1.3636421486446304,5.455781339439039,10.159664911043835,4.292720559872155,0.9242618741976893
202444,2024-10-27,65742.0,4688067.0,2731.0,44179.0,6000.0,112680.0,25127.0,122.0,1486.0,12324.0,120303.0,32.0,700.0,61.0,3.0,18176.0,1.4023263746017283,5.324813631522897,10.244133562754046,4.203345070422535,0.9162303664921466
202445,2024-11-03,69648.0,5439465.0,2778.0,47480.0,5636.0,110649.0,24935.0,96.0,1166.0,11579.0,117645.0,27.0,567.0,57.0,2.0,16429.0,1.2804200413092097,5.0935842167574945,9.842322240639211,3.8103353825552375,0.9057507987220448
202446,2024-11-10,69478.0,5347437.0,2885.0,47886.0,5995.0,116421.0,24632.0,69.0,1187.0,11964.0,120204.0,20.0,593.0,67.0,0.0,17329.0,1.2992766441194166,5.1494146245093235,9.953079764400519,3.80864446880951,0.8984848484848484
202447,2024-11-17,73259.0,5503737.0,2858.0,46837.0,6075.0,115660.0,25319.0,67.0,1204.0,11740.0,115315.0,35.0,545.0,63.0,0.0,16654.0,1.3310774115841655,5.252464118969393,10.18080908814985,3.6507745886874026,0.8963815789473685
202448,2024-11-24,74440.0,5518940.0,2980.0,47613.0,6102.0,115945.0,24895.0,86.0,1155.0,11920.0,115019.0,26.0,513.0,36.0,0.0,16085.0,1.3488097352027744,5.26284013972142,10.363505160017041,3.4131178116257384,0.9344262295081968
202449,2024-12-01,81536.0,6007205.0,3247.0,50035.0,6956.0,122702.0,25820.0,76.0,1075.0,12405.0,118221.0,21.0,428.0,46.0,1.0,16352.0,1.3573034381213893,5.669019249889978,10.493059608698962,2.904843444227006,0.9010526315789473
202450,2024-12-08,80153.0,5799063.0,3089.0,49660.0,6388.0,119119.0,25031.0,65.0,1039.0,12118.0,115199.0,20.0,427.0,47.0,1.0,16498.0,1.3821715680619437,5.362704522368388,10.519188534622696,2.8791368650745546,0.8989473684210526
202451,2024-12-15,86307.0,5867376.0,3394.0,53246.0,6739.0,120515.0,30861.0,99.0,1275.0,12319.0,113727.0,24.0,491.0,63.0,3.0,16606.0,1.470964192511269,5.591835041281168,10.832080332726617,3.354209321931832,0.881508078994614
202452,2024-12-22,100027.0,5923723.0,3546.0,52932.0,8082.0,129278.0,42107.0,126.0,2022.0,13424.0,119912.0,24.0,890.0,75.0,0.0,17828.0,1.6885833453049712,6.2516437444886215,11.194876242577891,5.412833744671303,0.9222797927461139
202501,2024-12-29,116947.0,5728294.0,3510.0,47400.0,10199.0,145453.0,56059.0,198.0,3455.0,16591.0,131838.0,59.0,1321.0,85.0,1.0,20855.0,2.0415676988646183,7.011887001299389,12.584383865046496,6.746583553104771,0.9388770433546553
202502,2025-01-05,130287.0,6403682.0,3719.0,51703.0,10131.0,142819.0,63921.0,191.0,3570.0,16418.0,129705.0,49.0,1321.0,98.0,6.0,22114.0,2.034563864976431,7.093593989595222,12.657954589260244,6.443881703897983,0.9270175438596491
202503,2025-01-12,132677.0,6455739.0,3700.0,52465.0,10445.0,148109.0,66580.0,201.0,3618.0,16570.0,134010.0,70.0,1373.0,128.0,3.0,22331.0,2.055179120469399,7.0522385540379044,12.36474889933587,6.735032018270566,0.9128989361702128
202504,2025-01-19,150448.0,7372044.0,4016.0,48997.0,11425.0,161407.0,75698.0,253.0,4100.0,17999.0,148027.0,81.0,1616.0,131.0,1.0,24705.0,2.0407908580035605,7.078379500269505,12.159268241604572,7.075490791337786,0.9244851258581236
202505,2025-01-26,61051.0,1918286.0,3020.0,19550.0,17708.0,254623.0,32210.0,232.0,8732.0,34062.0,226652.0,79.0,2374.0,192.0,9.0,29886.0,3.1825806996454125,6.954595617834995,15.028325362229321,8.616074416114568,0.9219417475728156
202506,2025-02-02,163979.0,6935979.0,5082.0,60493.0,17077.0,192661.0,89610.0,406.0,7606.0,27837.0,170893.0,127.0,2102.0,197.0,8.0,33618.0,2.364179591662547,8.863755508380004,16.289139988179738,6.86239514545779,0.9111400086692675
202507,2025-02-09,135435.0,6297902.0,4381.0,56616.0,13636.0,175139.0,69496.0,321.0,5307.0,20983.0,153949.0,110.0,1476.0,171.0,7.0,27900.0,2.1504780480864896,7.785815837706051,13.629838452994173,5.92831541218638,0.8923821039903265
202508,2025-02-16,125758.0,6374423.0,3925.0,51980.0,11632.0,167190.0,62674.0,275.0,4238.0,18436.0,151619.0,67.0,1294.0,147.0,5.0,25123.0,1.972853072348666,6.957353908726598,12.159425929467943,5.755682044341838,0.8948824343015215
202509,2025-02-23,105580.0,5573565.0,3615.0,48824.0,9720.0,156382.0,48814.0,187.0,2975.0,15881.0,142595.0,49.0,876.0,127.0,5.0,22410.0,1.894299250120883,6.2155491041168425,11.137136645744942,4.497991967871486,0.8690476190476191
202510,2025-03-02,103209.0,6246815.0,3784.0,54495.0,9247.0,153180.0,43850.0,185.0,2472.0,14906.0,137507.0,58.0,720.0,110.0,7.0,20515.0,1.652185953962139,6.0366888627758195,10.840175409251893,4.079941506214965,0.8602150537634409
202511,2025-03-09,100826.0,6273912.0,3687.0,54271.0,9085.0,147357.0,41845.0,171.0,2381.0,14415.0,130469.0,29.0,614.0,137.0,2.0,20116.0,1.607067488354953,6.165299239262471,11.048601583517923,3.7432889242394114,0.8154050464807437
202512,2025-03-16,103259.0,6338793.0,3317.0,54068.0,8363.0,139218.0,41478.0,128.0,2230.0,14136.0,123300.0,29.0,589.0,143.0,2.0,18343.0,1.6290009785774673,6.007125515378759,11.464720194647201,4.0015264678624,0.8024523160762943
202513,2025-03-23,105395.0,6244735.0,3674.0,53334.0,9709.0,148750.0,42851.0,138.0,2332.0,15455.0,130650.0,29.0,595.0,140.0,0.0,19579.0,1.6877417536532775,6.527058823529412,11.829314963643322,3.754022166607079,0.8095238095238095
202514,2025-03-30,85162.0,4956340.0,3229.0,42176.0,8766.0,144483.0,30837.0,149.0,2043.0,15182.0,125946.0,30.0,545.0,127.0,2.0,17214.0,1.7182437040235334,6.067149768484874,12.054372508853001,3.91541768328105,0.8086053412462908
202515,2025-04-06,95619.0,6462607.0,3683.0,56784.0,9042.0,145055.0,30686.0,128.0,1901.0,14781.0,125889.0,14.0,506.0,153.0,1.0,19079.0,1.479573181534944,6.233497638826652,11.741295903534066,3.4593008019288223,0.7666666666666667
202516,2025-04-13,92906.0,6270648.0,3571.0,53429.0,8571.0,139321.0,30036.0,130.0,1843.0,13977.0,122342.0,19.0,527.0,180.0,1.0,19010.0,1.4816012635376758,6.151979959948608,11.424531232119795,3.724355602314571,0.7443502824858758
202517,2025-04-20,86148.0,5594950.0,3518.0,51562.0,8553.0,137630.0,29687.0,153.0,2038.0,13885.0,123370.0,39.0,643.0,156.0,0.0,18589.0,1.5397456635001205,6.214488120322604,11.254762097754721,4.2982408951530475,0.804755944931164
202518,2025-04-27,91450.0,5788006.0,3382.0,51332.0,8957.0,141421.0,33736.0,170.0,2303.0,13776.0,120906.0,35.0,696.0,175.0,3.0,19778.0,1.5799914512873692,6.333571393216,11.393975485087589,4.419051471331783,0.7963386727688787
202519,2025-05-04,92469.0,5977176.0,3460.0,52357.0,9056.0,143520.0,34695.0,177.0,2344.0,13867.0,121082.0,21.0,626.0,147.0,1.0,20932.0,1.5470349208388712,6.309921962095875,11.452569333179168,3.6976877508121535,0.8087855297157622
202520,2025-05-11,98887.0,6152712.0,3431.0,51377.0,9716.0,144400.0,40155.0,184.0,2791.0,15135.0,124002.0,29.0,836.0,144.0,4.0,22807.0,1.607209958795406,6.728531855955679,12.205448299220981,4.31446485728066,0.8495934959349594
202521,2025-05-18,98776.0,6008106.0,3632.0,52230.0,10126.0,149201.0,42464.0,253.0,3050.0,16304.0,131469.0,45.0,938.0,143.0,5.0,28397.0,1.6440455611136022,6.786817782722636,12.401402612022606,3.824347642356587,0.8637200736648251
202522,2025-05-25,93501.0,5457327.0,3514.0,48459.0,9799.0,151481.0,40049.0,186.0,3130.0,17560.0,132318.0,52.0,973.0,145.0,5.0,29760.0,1.7133112969041437,6.468798067084321,13.271059115161957,3.773521505376344,0.8664292074799644
202523,2025-06-01,95606.0,6221570.0,3449.0,53118.0,9421.0,149634.0,38878.0,179.0,2764.0,15935.0,129321.0,36.0,875.0,115.0,0.0,27207.0,1.536686077629923,6.296028977371453,12.322051329637105,3.6387694343367514,0.8838383838383839
202524,2025-06-08,91909.0,5961617.0,3346.0,53318.0,9616.0,151272.0,39754.0,208.0,2985.0,15238.0,131587.0,33.0,1051.0,134.0,0.0,27387.0,1.5416790444605886,6.35676133058332,11.580171293516837,4.326870412969657,0.8869198312236287
202525,2025-06-15,93082.0,5964047.0,3573.0,53516.0,9884.0,153805.0,42309.0,251.0,3414.0,15198.0,131913.0,28.0,1186.0,104.0,1.0,28615.0,1.5607187535577771,6.426319040343292,11.521229901526006,4.51161977983575,0.9186676994577847
202526,2025-06-22,85778.0,5710552.0,3408.0,52681.0,9386.0,151142.0,38306.0,200.0,2993.0,14551.0,130281.0,31.0,1022.0,119.0,2.0,26534.0,1.5020964698333892,6.210054121289913,11.168934840844022,4.307680711539911,0.8941382327209099
202527,2025-06-29,81593.0,5732328.0,3232.0,53102.0,8825.0,147795.0,35285.0,215.0,2763.0,13359.0,127406.0,35.0,1048.0,110.0,3.0,25374.0,1.4233833095384631,5.971108630197232,10.485377454750953,4.575549775360606,0.9026701119724375
202528,2025-07-06,71628.0,5230720.0,2947.0,51643.0,8220.0,146160.0,28804.0,186.0,2594.0,12777.0,124389.0,40.0,986.0,100.0,3.0,22358.0,1.3693717117337576,5.623973727422003,10.271808600438945,4.870739779944539,0.9054178145087236
202529,2025-07-13,72065.0,5375045.0,3085.0,53272.0,8256.0,142952.0,30576.0,188.0,2690.0,11904.0,122752.0,44.0,964.0,86.0,4.0,22446.0,1.3407329613054402,5.775365157535396,9.697601668404587,4.695714158424663,0.9146110056925996
202530,2025-07-20,70668.0,5382811.0,2885.0,52073.0,8078.0,139929.0,29466.0,208.0,2616.0,11433.0,119145.0,41.0,951.0,79.0,6.0,20576.0,1.312845648862648,5.772927699047374,9.595870577867304,5.034992223950233,0.917953667953668
202531,2025-07-27,68486.0,5165259.0,2822.0,51503.0,7982.0,138527.0,28527.0,166.0,2632.0,11276.0,117806.0,44.0,945.0,52.0,1.0,19030.0,1.3258967265726656,5.762053606878082,9.571668675619238,5.2443510246978455,0.9468937875751503
202532,2025-08-03,71917.0,5581792.0,2924.0,53260.0,8049.0,142719.0,30849.0,217.0,2732.0,11405.0,121396.0,46.0,979.0,52.0,3.0,19941.0,1.288421352855857,5.639753641771593,9.39487297769284,5.185296625043879,0.9468085106382979
202533,2025-08-10,74615.0,5476757.0,3066.0,53185.0,9024.0,147414.0,32982.0,231.0,3258.0,12525.0,126034.0,49.0,1212.0,64.0,3.0,21679.0,1.3623938400042215,6.1215352680206765,9.937794563371789,5.899718621707644,0.947615324472244
202534,2025-08-17,77263.0,5597469.0,3088.0,52851.0,8983.0,143480.0,34189.0,242.0,3258.0,11962.0,121725.0,56.0,1308.0,48.0,6.0,21507.0,1.380320284042663,6.260802899358795,9.82706921339084,6.332821871948668,0.960352422907489
202535,2025-08-24,78557.0,5620164.0,3012.0,49850.0,9164.0,143367.0,35413.0,262.0,3542.0,12096.0,120432.0,54.0,1349.0,68.0,5.0,22091.0,1.3977705988650866,6.391986998402701,10.0438421681945,6.437010547281698,0.9486638537271449
202536,2025-08-31,85441.0,5684741.0,2984.0,48308.0,9519.0,145315.0,41889.0,275.0,4062.0,12144.0,120422.0,56.0,1547.0,61.0,1.0,21193.0,1.502988438699318,6.550596978976706,10.08453604823039,7.5921294767140095,0.961466749533872
202537,2025-09-07,95798.0,5773208.0,3033.0,49580.0,9919.0,143042.0,52025.0,309.0,4575.0,13161.0,121121.0,47.0,1721.0,80.0,5.0,22612.0,1.659354729640782,6.934326980886732,10.86599351062161,7.986909605519194,0.9529346622369879
202538,2025-09-14,110414.0,5807446.0,3192.0,48539.0,11185.0,149123.0,65240.0,401.0,5711.0,14207.0,124012.0,57.0,2128.0,82.0,4.0,24086.0,1.9012488450172416,7.500519705209793,11.4561494048963,9.192061778626588,0.9611562782294489
202539,2025-09-21,123012.0,5816449.0,3089.0,51360.0,12184.0,149457.0,78278.0,413.0,6818.0,15444.0,125797.0,53.0,2429.0,82.0,4.0,24870.0,2.1148986262924336,8.152177549395478,12.27692234314014,10.112585444310414,0.9658051689860835
202540,2025-09-28,142767.0,5851822.0,3150.0,49726.0,14664.0,156827.0,98356.0,427.0,9169.0,17914.0,133460.0,53.0,2971.0,62.0,5.0,26723.0,2.439701686073158,9.350430729402463,13.42274838903042,11.36848407738652,0.9779460171165241
202541,2025-10-05,126272.0,4707384.0,3147.0,43583.0,16271.0,175515.0,89786.0,462.0,10489.0,20029.0,146898.0,60.0,2751.0,38.0,6.0,27299.0,2.682424038489318,9.270432726547588,13.63463083227818,10.238470273636397,0.984257602862254
202542,2025-10-12,122351.0,6199538.0,3065.0,53156.0,12384.0,159201.0,78490.0,363.0,6956.0,15331.0,131471.0,48.0,2022.0,54.0,5.0,24544.0,1.9735502871342994,7.778845610266267,11.661126788417217,8.478650586701434,0.9716482460355599
202543,2025-10-19,103559.0,5121960.0,2658.0,46804.0,10708.0,145728.0,65853.0,322.0,5933.0,14009.0,122776.0,54.0,1758.0,40.0,7.0,21007.0,2.0218627244258056,7.3479358805445765,11.410210464585912,8.592373970581235,0.9739612188365651
202544,2025-10-26,101642.0,5736573.0,2589.0,49751.0,9377.0,139702.0,61428.0,268.0,4647.0,12178.0,117464.0,54.0,1524.0,45.0,5.0,20901.0,1.7718243975976598,6.712144421697613,10.367431723762174,7.530740155973398,0.9682337992376112
202545,2025-11-02,97143.0,5759560.0,2754.0,51380.0,9012.0,140564.0,56435.0,266.0,4134.0,11696.0,116713.0,29.0,1380.0,36.0,5.0,19067.0,1.686639257165478,6.411314419054666,10.021163023827679,7.452666911417633,0.9711470795214637
202546,2025-11-09,88619.0,5344175.0,2820.0,50177.0,8517.0,141915.0,49348.0,228.0,3823.0,11636.0,117441.0,42.0,1242.0,48.0,5.0,18383.0,1.6582353684151436,6.001479759010675,9.907953781047505,7.0445520317684815,0.9590733590733591
202547,2025-11-16,81241.0,5681886.0,2530.0,51048.0,7284.0,134331.0,39986.0,194.0,2883.0,10627.0,112216.0,20.0,1063.0,54.0,1.0,16912.0,1.4298245336143667,5.422426692275052,9.47012903685749,6.610690633869442,0.9508050089445438
202548,2025-11-23,82124.0,5830533.0,2699.0,50795.0,7359.0,134877.0,39164.0,176.0,2620.0,10937.0,114795.0,23.0,988.0,49.0,1.0,17883.0,1.408516168247397,5.456082208234169,9.527418441569754,5.804395235698708,0.9518304431599229
202549,2025-11-30,80897.0,5831741.0,2718.0,50590.0,7045.0,133336.0,36937.0,173.0,2380.0,10791.0,113919.0,18.0,969.0,56.0,3.0,17552.0,1.3871843759865192,5.283644327113458,9.47251994838438,5.856882406563354,0.9426070038910506
202550,2025-12-07,80261.0,5831304.0,2830.0,53336.0,7139.0,132421.0,35583.0,198.0,2340.0,10627.0,112904.0,13.0,844.0,68.0,1.0,16729.0,1.3763816806669658,5.391138867702253,9.412421171969106,5.457588618566561,0.9244249726177437
202551,2025-12-14,79955.0,5968064.0,2798.0,53395.0,6772.0,132903.0,34151.0,146.0,2211.0,10350.0,112088.0,11.0,821.0,58.0,2.0,16664.0,1.3397141853706662,5.095445550514285,9.233816287202911,5.286845895343255,0.9318955732122588
202552,2025-12-21,76551.0,5353975.0,2701.0,49339.0,7203.0,133425.0,34160.0,173.0,2421.0,10556.0,111640.0,13.0,829.0,77.0,2.0,16265.0,1.4297974869139285,5.3985385047779655,9.455392332497313,5.58253919458961,0.9129955947136564
202553,2025-12-28,76757.0,4984597.0,2768.0,46743.0,7568.0,139016.0,36080.0,184.0,2680.0,10864.0,113997.0,14.0,783.0,115.0,3.0,15273.0,1.5398837659293219,5.4439776716349195,9.530075352860162,5.899299417272311,0.8690344062153164
202601,2026-01-04,88100.0,6040040.0,2905.0,53670.0,7688.0,136952.0,40140.0,191.0,2559.0,10919.0,112801.0,24.0,868.0,149.0,1.0,16038.0,1.4585996119231,5.613645656872481,9.679878724479392,6.347424865943385,0.8526522593320236
202602,2026-01-11,99843.0,6209650.0,3071.0,52941.0,8824.0,145796.0,48923.0,219.0,2866.0,12200.0,118919.0,15.0,904.0,220.0,2.0,18236.0,1.6078683983799409,6.05229224395731,10.259083914260968,6.174599692915113,0.8028419182948491
202603,2026-01-18,105712.0,5992982.0,2940.0,50844.0,8871.0,142983.0,54788.0,222.0,3195.0,12054.0,116919.0,19.0,,,,,1.7639298766457165,6.20423406978452,10.309701588279065,,
202604,2026-01-25,108477.0,5722282.0,2876.0,51628.0,8442.0,133407.0,61299.0,238.0,3340.0,12108.0,117025.0,,,,,,1.89569475953824,6.328003777912703,10.346507156590473,,
202605,2026-02-01,101788.0,5832869.0,2868.0,51211.0,7517.0,130029.0,53317.0,227.0,2828.0,11697.0,117442.0,,,,,,1.7450760509107954,5.781018080582024,9.959809948740656,,
202606,2026-02-08,106364.0,6768089.0,2495.0,42081.0,7072.0,135390.0,51273.0,141.0,2478.0,11621.0,123133.0,,,,,,1.5715514379317412,5.223428613634685,9.437762419497616,,
202607,2026-02-15,,,,,10944.0,203723.0,,,4854.0,21765.0,180141.0,,,,,,,5.372000215979541,12.082202274884674,,
202608,2026-02-22,,,,,,,,,,,,,,,,,,,,,
